key;category;term;genus;needs_vowel_article;ref
Au sol, le traçage des voies interpelle;expression;Au sol, le traçage des voies interpelle;;;
Coccinelle;nom;Coccinelle;f;false;
Crit'Air;nom;Crit'Air;m;false;
GPS;nom;GPS;mpl;false;
La Haye;expression;La Haye;;;
Solex;nom;Solex;m;false;
TVA;nom;TVA;f;false;
VTT (Vélo Tout Terrain);expression;VTT (Vélo Tout Terrain);m;false;
abattre des arbres;expression;abattre des arbres;;;
abattre qc.;verbe;abattre qc.;;;
abolir qc.;verbe;abolir qc.;;;
abîmé;nom;abîmé;;;
accumulateur;nom;accumulateur;m;true;
accumuler;nom;accumuler;;;
acheminement;nom;acheminement;m;true;
affectif;nom;affectif;;;
agrandir;nom;agrandir;;;
aimer qc.;verbe;aimer qc.;;;
aller dans Paris;expression;aller dans Paris;;;
aller en avion;expression;aller en avion;;;
aller en cure;expression;aller en cure;;;
amortissement;nom;amortissement;m;true;
aménagement;nom;aménagement;m;true;
annuler qc.;verbe;annuler qc.;;;
apporter du caractère;expression;apporter du caractère;;;
apprendre sur le tas;expression;apprendre sur le tas;;;
arabesque;nom;arabesque;f;true;
arbitre;nom;arbitre;m;true;
arbre généalogique;expression;arbre généalogique;m;true;
arbuste;nom;arbuste;m;true;
argent;nom;argent;m;true;
argenterie;nom;argenterie;f;true;
arpenter;nom;arpenter;;;
artisanal;nom;artisanal;;;
atteindre;nom;atteindre;;;
attendre qc.;verbe;attendre qc.;;;
attente;nom;attente;f;true;
atterrir;nom;atterrir;;;
atterrissage;nom;atterrissage;m;true;
au bord de qc.;verbe;au bord de qc.;;true;
au bord du Rhin;expression;au bord du Rhin;;;
au fil des années;expression;au fil des années;;;
au lieu de;expression;au lieu de;;;
au mois d'octobre;expression;au mois d'octobre;;;
aulne;nom;aulne;m;true;
automobiliste;nom;automobiliste;m;true;
autre part;expression;autre part;;;
autrefois;nom;autrefois;;;
autrui;nom;autrui;m;true;
avant même que + subj.;expression;avant même que + subj.;;;
avec ferveur;expression;avec ferveur;;;
aveu confidentiel;expression;aveu confidentiel;m;true;
avis appuyé;expression;avis appuyé;m;true;
avis de décès;expression;avis de décès;m;true;
avoir du mal à faire qc;verbe;avoir du mal à faire qc;;;
avoir le cafard;expression;avoir le cafard;;;
avoir mal à s'en passer;expression;avoir mal à s'en passer;;;
aéroport;nom;aéroport;m;true;
aîné;nom;aîné;m;true;
bagages;nom;bagages;mpl;false;
bagarre;nom;bagarre;f;false;
bague;nom;bague;f;false;
barque;nom;barque;f;false;
barrage;nom;barrage;m;false;
battre;nom;battre;;;
battu;nom;battu;;;
bavardage;nom;bavardage;m;false;
bazar;nom;bazar;m;false;
biberon;nom;biberon;m;false;
bien s'entendre avec qn.;verbe;bien s'entendre avec qn.;;;
bilan économique;expression;bilan économique;m;false;
billet;nom;billet;m;false;
blâmer;nom;blâmer;;;
bon marché;expression;bon marché;;;
bondé;nom;bondé;;;
borne de recharge;expression;borne de recharge;f;false;
bosse;nom;bosse;f;false;
bottes de ski;expression;bottes de ski;fpl;false;
bouchon;nom;bouchon;m;false;
boucles;nom;boucles;fpl;false;
boue;nom;boue;f;false;
bouleau;nom;bouleau;m;false;
boum;nom;boum;f;false;
braderie;nom;braderie;f;false;
brocante;nom;brocante;f;false;
brouillon;nom;brouillon;m;false;
brut;nom;brut;;;
brûler;nom;brûler;;;
bâti;nom;bâti;;;
cabas;nom;cabas;m;false;
cabas en toile;expression;cabas en toile;m;false;
cabinet;nom;cabinet;m;false;
cadet;nom;cadet;m;false;
cadre;nom;cadre;m;false;
cafard;nom;cafard;m;false;
cafter;nom;cafter;;;
cafteuse;nom;cafteuse;f;false;
camping;nom;camping;m;false;
camping-car;nom;camping-car;m;false;
canon à neige;expression;canon à neige;m;false;
cargaison;nom;cargaison;f;false;
carrelage;nom;carrelage;m;false;
casque;nom;casque;m;false;
casque à vélo;expression;casque à vélo;m;false;
casquette;nom;casquette;f;false;
celte;nom;celte;;;
cerisier;nom;cerisier;m;false;
chaleureux;nom;chaleureux;;;
challenger une réponse;expression;challenger une réponse;;;
changement climatique;expression;changement climatique;m;false;
changer de place;expression;changer de place;;;
changer de sujet;expression;changer de sujet;;;
chantier;nom;chantier;m;false;
chapelle;nom;chapelle;f;false;
chauffe eau instantané;expression;chauffe eau instantané;m;false;
chiffre d'affaires;expression;chiffre d'affaires;m;false;
chuchoter;nom;chuchoter;;;
chute de pierres;expression;chute de pierres;f;false;
chêne;nom;chêne;m;false;
cible;nom;cible;f;false;
cigogne;nom;cigogne;f;false;
clé;nom;clé;f;false;
coin;nom;coin;m;false;
colline;nom;colline;f;false;
combler;nom;combler;;;
commode;nom;commode;;;
complaisant;nom;complaisant;;;
complicité;nom;complicité;f;false;
concept;nom;concept;m;false;
confident / confidente;expression;confident / confidente;m/f;false;
confinement;nom;confinement;m;false;
confondre qc.;verbe;confondre qc.;;;
conseiller / conseillère de vie;expression;conseiller / conseillère de vie;m/f;false;
convivialité;nom;convivialité;f;false;
couche;nom;couche;f;false;
coucher de soleil;expression;coucher de soleil;m;false;
coupure;nom;coupure;f;false;
coupure d'électricité;expression;coupure d'électricité;f;false;
couronne (d'un arbre);expression;couronne (d'un arbre);f;false;
cours de français;expression;cours de français;m;false;
couteau;nom;couteau;m;false;
couvert;nom;couvert;m;false;
crevant;nom;crevant;;;
crier dessus qn;verbe;crier dessus qn;;;
croiser qn;verbe;croiser qn;;;
crèche;nom;crèche;f;false;
cuillère;nom;cuillère;f;false;
cuir;nom;cuir;m;false;
cycliste;nom;cycliste;m;false;
céder à une tentation;expression;céder à une tentation;;;
d'autrefois;expression;d'autrefois;;;
damage;nom;damage;m;false;
dameuse;nom;dameuse;f;false;
dans la rue;expression;dans la rue;;;
dans le centre;expression;dans le centre;;;
davantage de;expression;davantage de;;;
demeurer;nom;demeurer;;;
demi-frère / demie-sœur;expression;demi-frère / demie-sœur;m/f;false;
diminuer;nom;diminuer;;;
discussion vive;expression;discussion vive;;;
dissimuler;nom;dissimuler;;;
distinguer qc.;verbe;distinguer qc.;;;
dot;nom;dot;f;false;
double/triple vitrage;expression;double/triple vitrage;m;false;
doubler;nom;doubler;;;
drap;nom;drap;m;false;
dresser un constat;expression;dresser un constat;;;
du moins;expression;du moins;;;
dur;nom;dur;;;
dès que;expression;dès que;;;
débloquer;nom;débloquer;;;
déborder;nom;déborder;;;
début;nom;début;m;false;
décollage;nom;décollage;m;false;
décoller;nom;décoller;;;
dégoûtant;nom;dégoûtant;;;
dégât;nom;dégât;m;false;
démarrer;nom;démarrer;;;
déneiger;nom;déneiger;;;
dénivelé;nom;dénivelé;m;false;
désert;nom;désert;m;false;
désinfecter qc.;verbe;désinfecter qc.;;false;
désinhibé;nom;désinhibé;;;
détendre les liens;expression;détendre les liens;;;
détériorer qc.;verbe;détériorer qc.;;;
dû à;expression;dû à;;;
effacement;nom;effacement;m;true;
embellir;nom;embellir;;;
embouteillage;nom;embouteillage;m;true;
embrumé;nom;embrumé;;;
emprunté;nom;emprunté;;;
en Bavière;expression;en Bavière;;;
en Croatie;expression;en Croatie;;;
en Grèce;expression;en Grèce;;;
en abondance;expression;en abondance;;;
en vigueur;expression;en vigueur;;;
encombré;nom;encombré;;;
enlever des arbres;expression;enlever des arbres;;;
enlever qc;verbe;enlever qc;;;
enquêteur;nom;enquêteur;m;true;
entendre dire;expression;entendre dire;;;
entraide;nom;entraide;f;true;
entretenir;nom;entretenir;;;
entretien;nom;entretien;m;true;
entretien d'embauche;expression;entretien d'embauche;m;true;
esthétique;nom;esthétique;;;
estuaire;nom;estuaire;m;true;
examen;nom;examen;m;true;
exposition;nom;exposition;f;true;
extension;nom;extension;f;true;
faire de la luge;expression;faire de la luge;;;
faire des appels de phare;expression;faire des appels de phare;;;
faire des randonnées;expression;faire des randonnées;;;
faire figure de bon élève;expression;faire figure de bon élève;;;
faire la poussière;expression;faire la poussière;;;
faire la route;expression;faire la route;;;
faire le malade;expression;faire le malade;;;
faire perdurer qc;verbe;faire perdurer qc;;;
fatigant;nom;fatigant;;;
faux jumeaux;expression;faux jumeaux;mpl;false;
faïence;nom;faïence;f;false;
feux;nom;feux;mpl;false;
filet;nom;filet;m;false;
fils/fille unique;expression;fils/fille unique;m/f;false;
fissure;nom;fissure;f;false;
fiévreusement;nom;fiévreusement;;;
flics;nom;flics;mpl;false;
fluide;nom;fluide;;;
fondre;nom;fondre;;;
fontaine;nom;fontaine;f;false;
forage;nom;forage;m;false;
forêt mixte;expression;forêt mixte;f;false;
fouiller;nom;fouiller;;;
fourchette;nom;fourchette;f;false;
fournir;nom;fournir;;;
franc / franche;expression;franc / franche;;;
franchise;nom;franchise;f;false;
fratrie;nom;fratrie;f;false;
frein;nom;frein;m;false;
frigidaire;nom;frigidaire;m;false;
frisson;nom;frisson;m;false;
froid;nom;froid;m;false;
fâché;nom;fâché;;;
fédéralisme;nom;fédéralisme;m;false;
garer la voiture;expression;garer la voiture;;;
gaz d'échappement;expression;gaz d'échappement;mpl;false;
gaz à effet de serre;expression;gaz à effet de serre;mpl;false;
geler;nom;geler;;;
glacier;nom;glacier;m;false;
grand-mère;nom;grand-mère;f;false;
grec/grecque;nom;grec/grecque;;;
gronder;nom;gronder;;;
guérir;nom;guérir;;;
guêtres;nom;guêtres;fpl;false;
gyrophare;nom;gyrophare;m;false;
gâter qn;verbe;gâter qn;;;
généalogie;nom;généalogie;f;false;
gérer des désaccords;expression;gérer des désaccords;;;
gérer un conflit;expression;gérer un conflit;;;
habits de ski;expression;habits de ski;mpl;true;
haie;nom;haie;f;true;
haut-parleur;nom;haut-parleur;m;true;
horloge;nom;horloge;f;true;
hors de la famille;expression;hors de la famille;;;
houleux;nom;houleux;;;
hydrogène;nom;hydrogène;m;true;
héliportage;nom;héliportage;m;true;
hésiter à faire qc;verbe;hésiter à faire qc;;;
hêtre;nom;hêtre;m;false;
impair;nom;impair;;;
indice;nom;indice;m;true;
infusion;nom;infusion;f;true;
inondation;nom;inondation;f;true;
insolent;nom;insolent;;;
insolite;nom;insolite;;;
interlocuteur;nom;interlocuteur;m;true;
interpeller;nom;interpeller;;;
j'y suis allé;expression;j'y suis allé;;;
jouer un rôle;expression;jouer un rôle;;;
jovial;nom;jovial;;;
jumeaux;nom;jumeaux;mpl;false;
jumelles;nom;jumelles;fpl;false;
justificatif de domicile;expression;justificatif de domicile;m;false;
klaxonner;nom;klaxonner;;;
kérosène;nom;kérosène;m;false;
lac;nom;lac;m;false;
le terrain est en pente;expression;le terrain est en pente;;;
lettre de condoléances;expression;lettre de condoléances;f;false;
levure;nom;levure;f;false;
lieu d'achat;expression;lieu d'achat;m;false;
loin d'être le cas;expression;loin d'être le cas;;;
lointain;nom;lointain;;;
lorsque / afin que;expression;lorsque / afin que;;;
lourd;nom;lourd;;;
lustre;nom;lustre;m;false;
léger;nom;léger;;;
légume;nom;légume;m;false;
magie;nom;magie;f;false;
magnifique;nom;magnifique;;;
maire;nom;maire;m;false;
maison de vacances;expression;maison de vacances;f;false;
mal assuré;expression;mal assuré;;;
mal s'entendre avec qn.;verbe;mal s'entendre avec qn.;;;
malgré moi;expression;malgré moi;;;
manifestation;nom;manifestation;f;false;
marais;nom;marais;m;false;
marchander;nom;marchander;;;
marché aux puces;expression;marché aux puces;m;false;
marque;nom;marque;f;false;
maternelle;nom;maternelle;f;false;
matériau;nom;matériau;m;false;
matériel;nom;matériel;m;false;
meilleur marché;expression;meilleur marché;;;
mer Baltique;expression;mer Baltique;f;false;
merisier;nom;merisier;m;false;
mesure;nom;mesure;f;false;
mettre qc à l'épreuve;verbe;mettre qc à l'épreuve;;;
milliers;nom;milliers;;;
moderne;nom;moderne;;;
moniteur de parapente;expression;moniteur de parapente;m;false;
mouchoir;nom;mouchoir;m;false;
mètre cube;expression;mètre cube;m;false;
méduse;nom;méduse;f;false;
mélange;nom;mélange;m;false;
mémoire;nom;mémoire;f;false;
métro;nom;métro;m;false;
nappe;nom;nappe;f;false;
ne guère;expression;ne guère;;;
ne pas prendre de gants;expression;ne pas prendre de gants;;;
nouer qc avec qc;verbe;nouer qc avec qc;;;
négligeable;nom;négligeable;;;
oiseau migrateur;expression;oiseau migrateur;m;true;
or;nom;or;;;
oreillette;nom;oreillette;f;true;
otorhino;nom;otorhino;m;true;
oublier qc.;verbe;oublier qc.;;;
pair;nom;pair;;;
pancarte;nom;pancarte;f;false;
panneau solaire;expression;panneau solaire;m;false;
par convention;expression;par convention;;;
par intermédiaire;expression;par intermédiaire;;;
par intérim;expression;par intérim;;;
parcourir une étude;expression;parcourir une étude;;;
parquet;nom;parquet;m;false;
parquet flottant;expression;parquet flottant;m;false;
pas de / beaucoup de;expression;pas de / beaucoup de;;;
passer par Paris;expression;passer par Paris;;;
passer sur la périphérie;expression;passer sur la périphérie;;;
patiner;nom;patiner;;;
pente;nom;pente;f;false;
perte;nom;perte;f;false;
phénomène;nom;phénomène;m;false;
pin;nom;pin;m;false;
pin parasol;expression;pin parasol;m;false;
pipelette;nom;pipelette;f;false;
piste cyclable;expression;piste cyclable;f;false;
piéton;nom;piéton;m;false;
piétonnisé;nom;piétonnisé;;;
plagiat;nom;plagiat;m;false;
plaie;nom;plaie;f;false;
plaisanter;nom;plaisanter;;;
plein de qc.;verbe;plein de qc.;;;
polir;nom;polir;;;
pollution sonore;expression;pollution sonore;f;false;
pompe à chaleur;expression;pompe à chaleur;f;false;
porcelaine;nom;porcelaine;f;false;
portefeuille;nom;portefeuille;m;false;
porter qc. à qn.;verbe;porter qc. à qn.;;;
posséder qc.;verbe;posséder qc.;;;
pour autant;expression;pour autant;;;
pour cent;expression;pour cent;m;false;
pousser;nom;pousser;;;
pousser qc.;verbe;pousser qc.;;;
poussette;nom;poussette;f;false;
prendre fin;expression;prendre fin;;;
probabilité;nom;probabilité;f;false;
prédiction;nom;prédiction;f;false;
prévision;nom;prévision;f;false;
pâte d'amandes;expression;pâte d'amandes;f;false;
pénaliser qc;verbe;pénaliser qc;;;
période glaciaire;expression;période glaciaire;f;false;
périphérie;nom;périphérie;f;false;
périphérique;nom;périphérique;m;false;
radar;nom;radar;m;false;
rage de dents;expression;rage de dents;f;false;
rail;nom;rail;m;false;
ralentir;nom;ralentir;;;
randonner;nom;randonner;;;
randonnée;nom;randonnée;f;false;
rang de naissance;expression;rang de naissance;m;false;
rapporter;nom;rapporter;;;
raquettes;nom;raquettes;fpl;false;
rassembler;nom;rassembler;;;
rayonnante;nom;rayonnante;;;
rebelle;nom;rebelle;;;
rebondir;nom;rebondir;;;
reclus socialement;expression;reclus socialement;;;
regretter qc.;verbe;regretter qc.;;;
regretter qn.;verbe;regretter qn.;;;
remorque;nom;remorque;f;false;
renverser;nom;renverser;;;
repas;nom;repas;m;false;
respirable;nom;respirable;;;
respirer;nom;respirer;;;
retenir un matériau;expression;retenir un matériau;;;
retenue;nom;retenue;f;false;
riverain;nom;riverain;m;false;
rotin;nom;rotin;m;false;
rouille;nom;rouille;f;false;
rouiller;nom;rouiller;;;
rouler;nom;rouler;;;
rue large;expression;rue large;f;false;
rue piétonne;expression;rue piétonne;f;false;
rue principale;expression;rue principale;f;false;
rue à sens unique;expression;rue à sens unique;f;false;
réchauffement climatique;expression;réchauffement climatique;m;false;
récompenser qn;verbe;récompenser qn;;;
récompenser qn.;verbe;récompenser qn.;;;
réderie;nom;réderie;f;false;
région;nom;région;f;false;
région viticole;expression;région viticole;f;false;
réjouissant;nom;réjouissant;;;
répandre;nom;répandre;;;
répondre à un besoin;expression;répondre à un besoin;;;
rôder;nom;rôder;;;
rôle;nom;rôle;m;false;
s'agacer;verbe;s'agacer;;;
s'effondrer;verbe;s'effondrer;;;
s'entretenir;verbe;s'entretenir;;;
s'inscrire à qc.;verbe;s'inscrire à qc.;;;
s'installer;verbe;s'installer;;;
s'insurger;verbe;s'insurger;;;
s'interroger en continu;verbe;s'interroger en continu;;;
s'échapper;verbe;s'échapper;;;
sac;nom;sac;m;false;
sac de couchage;expression;sac de couchage;m;false;
sacoche;nom;sacoche;f;false;
saisonnier;nom;saisonnier;m;false;
sans forfait;expression;sans forfait;;;
sauvegarder;nom;sauvegarder;;;
scandinave;nom;scandinave;;;
scarabée;nom;scarabée;m;false;
scientifique;nom;scientifique;m;false;
se disputer;verbe;se disputer;;;
se débarrasser de qc.;verbe;se débarrasser de qc.;;;
se dérouler;verbe;se dérouler;;;
se détendre;verbe;se détendre;;;
se détériorer;verbe;se détériorer;;;
se faufiler;verbe;se faufiler;;;
se garer;verbe;se garer;;;
se patiner;verbe;se patiner;;;
se rapprocher à l'âge adulte;verbe;se rapprocher à l'âge adulte;;;
se répandre;verbe;se répandre;;;
se tailler une place;verbe;se tailler une place;;;
sec / sèche;expression;sec / sèche;;;
semelle;nom;semelle;f;false;
skieur;nom;skieur;m;false;
sobriété;nom;sobriété;f;false;
sommet;nom;sommet;m;false;
son regard s'illumine;expression;son regard s'illumine;;;
souliers;nom;souliers;mpl;false;
soutenir;nom;soutenir;;;
spécial;nom;spécial;;;
station thermale;expression;station thermale;f;false;
stockage;nom;stockage;m;false;
subitement;nom;subitement;;;
suffisamment;nom;suffisamment;;;
supplanter;nom;supplanter;;;
supprimer qc.;verbe;supprimer qc.;;;
sur l'herbe;expression;sur l'herbe;;;
sur la côte;expression;sur la côte;;;
sécheresse;nom;sécheresse;f;false;
table de multiplication;expression;table de multiplication;f;false;
tableau;nom;tableau;m;false;
tabouret;nom;tabouret;m;false;
talon;nom;talon;m;false;
tandis que;expression;tandis que;;;
tantôt;nom;tantôt;;;
tas;nom;tas;m;false;
tasse;nom;tasse;f;false;
taux de natalité;expression;taux de natalité;m;false;
thermalisme;nom;thermalisme;m;false;
thermos;nom;thermos;m;false;
tier;nom;tier;m;false;
tisane;nom;tisane;f;false;
tissu;nom;tissu;m;false;
tomber dans l'escalier;expression;tomber dans l'escalier;;;
trace;nom;trace;f;false;
trafic;nom;trafic;m;false;
travail;nom;travail;m;false;
travaux dans la rue;expression;travaux dans la rue;;;
traîner;nom;traîner;;;
tronçon d'autoroute;expression;tronçon d'autoroute;m;false;
trottinette;nom;trottinette;f;false;
trousseau;nom;trousseau;m;false;
trouvaille;nom;trouvaille;f;false;
téléphérique;nom;téléphérique;m;false;
une passion m'a gagnée;expression;une passion m'a gagnée;;;
utilisable;nom;utilisable;;;
vaisselle;nom;vaisselle;f;false;
valoir qc. à qn;verbe;valoir qc. à qn;;;
valoriser;nom;valoriser;;;
vente aux enchères;expression;vente aux enchères;f;false;
verdure;nom;verdure;f;false;
vide-greniers;nom;vide-greniers;f;false;
viking;nom;viking;m;false;
ville;nom;ville;f;false;
vite;nom;vite;;;
viticole;nom;viticole;;;
voie;nom;voie;f;false;
vol;nom;vol;m;false;
vous étiez;expression;vous étiez;;;
vrais jumeaux;expression;vrais jumeaux;mpl;false;
végétaliser;nom;végétaliser;;;
véhicules en face;expression;véhicules en face;m/pl;false;
Ça nous arrange bien.;expression;Ça nous arrange bien.;;;
Ça y fait quand il y a moins de voitures.;expression;Ça y fait quand il y a moins de voitures.;;;
à son égard;expression;à son égard;;;
âme;nom;âme;f;true;
ébrécher;nom;ébrécher;;;
écouteurs;nom;écouteurs;mpl;false;
éducation;nom;éducation;f;true;
éduquer;nom;éduquer;;;
égal / égaux;expression;égal / égaux;;;
élargir qc.;verbe;élargir qc.;;;
émulation;nom;émulation;f;true;
éolienne;nom;éolienne;f;true;
épaisseur;nom;épaisseur;f;true;
épanchement;nom;épanchement;m;true;
épicéa;nom;épicéa;m;true;
épopée;nom;épopée;f;true;
équilibrer;nom;équilibrer;;;
érable;nom;érable;m;true;
étaler qc. sur l'année;verbe;étaler qc. sur l'année;;;
évoquer;nom;évoquer;;;
être dans le déni;expression;être dans le déni;;;
être en bon état;expression;être en bon état;;;
être en rénovation;expression;être en rénovation;;;
être le/la bienvenue;expression;être le/la bienvenue;;;
être muni de qc;verbe;être muni de qc;;;
être prématuré;expression;être prématuré;;;
