category;term;genus;needs_vowel_article;ref
verbe;s'inscrire;;;
nom;manifestation;f;false;
verbe;désinfecter qc.;;false;
nom;frigidaire;m;false;
nom;camping;m;false;
nom;sac de couchage;m;false;
adjectif;viticole;;;
verbe;faire des randonnées;;;
verbe;randonner;;;
nom;dénivelé;m;false;
nom;chapelle;f;false;
expression;en Bavière;;;
nom;station thermale;f;false;
verbe;aller en cure;;;
adjectif;crevant;;;
adjectif;fatigant;;;
adjectif;dur;;;
nom;rôle;m;false;
adjectif;dégoûtant;;;
nom;colline;f;false;
nom;sacoche;f;false;
nom;bagages;mpl;false;
verbe;pousser (un vélo);;;
verbe;rouler;;;
nom;casquette;f;false;
adjectif;lourd;;;
adjectif;léger;;;
nom;aménagement;m;true;
nom;estuaire;m;true;
expression;en Grèce;;;
adjectif;grec/grecque;;;
expression;être en rénovation;;;
nom;pâte d'amandes;f;false;
nom;camping-car;m;false;
adjectif;bondé;;;
expression;sur la côte;;;
expression;aller en avion;;;
expression;dans le centre;;;
nom;enquêteur;m;true;
nom;désert;m;false;
nom;vol;m;false;
nom;exposition;f;true;
nom;tableau;m;false;
adjectif;scandinave;;;
nom;parquet;m;false;
nom;parquet flottant;m;false;
nom;chêne;m;false;
nom;aulne;m;true;
nom;hêtre;m;false;
nom;pin;m;false;
nom;érable;m;true;
nom;épicéa;m;true;
nom;pin parasol;m;false;
nom;bouleau;m;false;
nom;cerisier;m;false;
nom;merisier;m;false;
nom;mélange;m;false;
nom;marché aux puces;m;false;
nom;vaisselle;f;false;
nom;marque;f;false;
adjectif;bon marché;;;
adjectif;meilleur marché;;;
nom;TVA;f;false;
nom;pancarte;f;false;
nom;brocante;f;false;
nom;vide-greniers;f;false;
expression;dès que;;;
expression;son regard s’illumine;;;
phrase;;;;
adjectif;fiévreusement;;;
adjectif;lointain;;;
nom;trouvaille;f;false;
expression;faire la route;;;
expression;avant même que + subj.;;;
nom;cabas en toile;m;false;
nom;thermos;m;false;
nom;billet;m;false;
nom;lieu d’achat;m;false;
nom;périphérie;f;false;
nom;phénomène;m;false;
verbe;se répandre;;;
expression;milliers;;;
nom;coin;m;false;
verbe;chuchoter;;;
verbe;ébrécher;;;
verbe;évoquer;;;
nom;âme;f;true;
nom;horloge;f;true;
verbe;se patiner;;;
expression;apporter du caractère;;;
verbe;plaisanter;;;
expression;avec ferveur;;;
phrase;;;;
nom;convivialité;f;false;
phrase;;;;
nom;frisson;m;false;
nom;rotin;m;false;
expression;malgré moi;;;
expression;une passion m’a gagnée;;;
adjectif;rayonnante;;;
expression;céder à une tentation;;;
adjectif;embrumé;;;
nom;portefeuille;m;false;
nom;coupure;f;false;
verbe;arpenter;;;
adjectif;insolite;;;
verbe;rapporter;;;
nom;magie;f;false;
expression;au fil des années;;;
verbe;vous étiez;;;
expression;en Croatie;;;
nom;maison de vacances;f;false;
nom;attente;f;true;
nom;réderie;f;false;
nom;braderie;f;false;
nom;chiffre d’affaires;m;false;
nom;cabas;m;false;
nom;tissu;m;false;
adjectif;brut;;;
nom;levure;f;false;
nom;biberon;m;false;
nom;remorque;f;false;
verbe;se débarrasser de qc.;;;
verbe;fondre;;;
nom;couvert;m;false;
nom;argent;m;true;
nom;argenterie;f;true;
nom;fourchette;f;false;
nom;couteau;m;false;
nom;cuillère;f;false;
nom;dot;f;false;
nom;porcelaine;f;false;
verbe;polir;;;
nom;lustre;m;false;
adjectif;insolent;;;
nom;perte;f;false;
nom;début;m;false;
nom;faïence;f;false;
nom;vente aux enchères;f;false;
verbe;sauvegarder;;;
nom;drap;m;false;
verbe;marchander;;;
nom;cigogne;f;false;
verbe;faire la poussière;;;
nom;mouchoir;m;false;
nom;trousseau;m;false;
nom;nappe;f;false;
nom;tasse;f;false;
verbe;traîner;;;
nom;bague;f;false;
nom;scientifique;m;false;
nom;réchauffement climatique;m;false;
nom;changement climatique;m;false;
nom;inondation;f;true;
expression;dû à;;;
nom;sécheresse;f;false;
adjectif;sec / sèche;;;
nom;oiseau migrateur;m;true;
nom;forêt mixte;f;false;
nom;glacier;m;false;
nom;viking;m;false;
verbe;s’installer;;;
nom;période glaciaire;f;false;
nom;marais;m;false;
expression;entendre dire;;;
nom;mer Baltique;f;false;
nom;chute de pierres;f;false;
nom;froid;m;false;
verbe;retenir un matériau;;;
nom;fissure;f;false;
verbe;geler;;;
verbe;patiner;;;
verbe;déneiger;;;
verbe;faire de la luge;;;
nom;téléphérique;m;false;
nom;canon à neige;m;false;
nom;borne de recharge;f;false;
verbe;s’échapper;;;
verbe;démarrer;;;
verbe;décoller;;;
nom;décollage;m;false;
verbe;atterrir;;;
nom;atterrissage;m;true;
nom;méduse;f;false;
nom;double/triple vitrage;m;false;
nom;kérosène;m;false;
nom;pompe à chaleur;f;false;
verbe;enlever des arbres;;;
nom;arbuste;m;true;
nom;verdure;f;false;
nom;couronne (d’un arbre);f;false;
verbe;déborder;;;
verbe;abattre;;;
nom;panneau solaire;m;false;
nom;forage;m;false;
adjectif;abîmé;;;
nom;rail;m;false;
verbe;soutenir;;;
nom;tier;m;false;
nom;chauffe eau instantané;m;false;
expression;Ça nous arrange bien.;;;
nom;amortissement;m;true;
nom;carrelage;m;false;
nom;haut-parleur;m;true;
nom;épaisseur;f;true;
expression;ne guère;;;
nom;prévision;f;false;
nom;prédiction;f;false;
nom;dégât;m;false;
verbe;fournir;;;
phrase;;;;
nom;tisane;f;false;
nom;infusion;f;true;
verbe;agrandir;;;
verbe;guérir;;;
nom;skieur;m;false;
adverbe;subitement;;;
expression;au mois d’octobre;;;
nom;couche;f;false;
nom;tabouret;m;false;
nom;rouille;f;false;
verbe;rouiller;;;
nom;souliers;mpl;false;
nom;semelle;f;false;
nom;talon;m;false;
nom;guêtres;fpl;false;
nom;boue;f;false;
nom;filet;m;false;
nom;saisonnier;m;false;
nom;mètre cube;m;false;
nom;stockage;m;false;
nom;retenue;f;false;
nom;acheminement;m;true;
verbe;équilibrer;;;
nom;sommet;m;false;
expression;en abondance;;;
nom;otorhino;m;true;
adjectif;utilisable;;;
nom;héliportage;m;true;
nom;coucher de soleil;m;false;
nom;mémoire;f;false;
nom;accumulateur;m;true;
verbe;accumuler;;;
nom;barque;f;false;
nom;extension;f;true;
nom;damage;m;false;
nom;dameuse;f;false;
verbe;abattre des arbres;;;
verbe;débloquer;;;
nom;thermalisme;m;false;
nom;VTT (Vélo Tout Terrain);m;false;
nom;moniteur de parapente;m;false;
expression;étaler qc. sur l’année;;;
expression;pas de / beaucoup de;;;
nom;habits de ski;mpl;true;
nom;raquettes;fpl;false;
nom;confinement;m;false;
nom;bottes de ski;fpl;false;
nom;matériel;m;false;
nom;matériau;m;false;
expression;sans forfait;;;
adverbe;suffisamment;;;
nom;bilan économique;m;false;
expression;être dans le déni;;;
verbe;avoir du mal à faire qc;;;
nom;hydrogène;m;true;
expression;faire perdurer qc;;;
nom;sobriété;f;false;
nom;gaz à effet de serre;mpl;false;
expression;faire figure de bon élève;;;
nom;éolienne;f;true;
verbe;pousser;;;
verbe;gâter qn;;;
adjectif;artisanal;;;
nom;fils/fille unique;m/f;false;
nom;demi-frère / demie-sœur;m/f;false;
adjectif;franc / franche;;;
nom;franchise;f;false;
nom;taux de natalité;m;false;
nom;fédéralisme;m;false;
nom;cabinet;m;false;
nom;bagarre;f;false;
verbe;cafter;;;
nom;cafteuse;f;false;
expression;avoir le cafard;;;
nom;cafard;m;false;
adjectif;désinhibé;;;
expression;ne pas prendre de gants;;;
expression;gérer un conflit;;;
nom;complicité;f;false;
travail;parcourir une étude;;;
verbe;atteindre;;;
adverbe;tantôt;;;
nom;entraide;f;true;
expression;dresser un constat;;;
nom;cargaison;f;false;
expression;être le/la bienvenue;;;
adjectif;celte;;;
expression;par intermédiaire;;;
verbe;entretenir;;;
nom;entretien;m;true;
nom;entretien d’embauche;m;true;
verbe;s’entretenir;;;
nom;rage de dents;f;false;
adjectif;fâché;;;
verbe;éduquer;;;
nom;éducation;f;true;
verbe;se disputer;;;
verbe;hésiter à faire qc;;;
expression;hors de la famille;;;
expression;apprendre sur le tas;;;
nom;tas;m;false;
adjectif;réjouissant;;;
verbe;demeurer;;;
adjectif;affectif;;;
expression;gérer des désaccords;;;
nom;fratrie;f;false;
verbe;pénaliser qc;;;
expression;pour autant;;;
nom;rang de naissance;m;false;
verbe;répandre;;;
nom;aîné;m;true;
nom;cadet;m;false;
adjectif;rebelle;;;
nom;cible;f;false;
expression;davantage de;;;
verbe;gronder;;;
verbe;blâmer;;;
expression;à son égard;;;
expression;se rapprocher à l’âge adulte;;;
expression;détendre les liens;;;
verbe;rassembler;;;
expression;par convention;;;
nom;pipelette;f;false;
nom;boum;f;false;
expression;bien s’entendre avec qn.;;;
expression;mal s’entendre avec qn.;;;
nom;jumeaux;mpl;false;
nom;jumelles;fpl;false;
nom;vrais jumeaux;mpl;false;
nom;faux jumeaux;mpl;false;
verbe;confondre qc.;;;
expression;être prématuré;;;
verbe;distinguer qc.;;;
adjectif;égal / égaux;;;
nom;maternelle;f;false;
nom;crèche;f;false;
expression;La Haye;;;
nom;haie;f;true;
expression;changer de sujet;;;
expression;faire le malade;;;
expression;répondre à un besoin;;;
expression;prendre fin;;;
expression;loin d’être le cas;;;
expression;lorsque / afin que;;;
verbe;dissimuler;;;
verbe;changer de place;;;
verbe;ralentir;;;
expression;faire des appels de phare;;;
nom;gyrophare;m;false;
nom;généalogie;f;false;
nom;arbre généalogique;m;true;
nom;avis de décès;m;true;
adverbe;d’autrefois;;;
expression;au lieu de;;;
nom;brouillon;m;false;
nom;lettre de condoléances;f;false;
nom;arbitre;m;true;
nom;coupure d’électricité;f;false;
expression;s’interroger en continu;;;
nom;conseiller / conseillère de vie;m/f;false;
nom;confident / confidente;m/f;false;
nom;cadre;m;false;
verbe;nouer qc avec qc;;;
verbe;se dérouler;;;
expression;se tailler une place;;;
nom;interlocuteur;m;true;
nom;bavardage;m;false;
nom;aveu confidentiel;m;true;
nom;autrui;m;true;
expression;par intérim;;;
verbe;combler;;;
nom;émulation;f;true;
nom;épanchement;m;true;
nom;épopée;f;true;
adjectif;emprunté;;;
verbe;challenger une réponse;;;
verbe;rebondir;;;
adjectif;esthétique;;;
nom;arabesque;f;true;
adjectif;négligeable;;;
expression;avoir mal à s’en passer;;;
verbe;valoriser;;;
expression;mettre qc à l’épreuve;;;
adjectif;reclus socialement;;;
adjectif;complaisant;;;
adverbe;or;;;
nom;avis appuyé;m;true;
adverbe;du moins;;;
nom;oreillette;f;true;
nom;écouteurs;mpl;false;
nom;casque;m;false;
nom;poussette;f;false;
nom;probabilité;f;false;
nom;plagiat;m;false;
nom;table de multiplication;f;false;
verbe;interpeller;;;
nom;chantier;m;false;
expression;travaux dans la rue;;;
nom;piste cyclable;f;false;
nom;rue à sens unique;f;false;
nom;automobiliste;m;true;
verbe;croiser qn;;;
verbe;renverser;;;
verbe;rôder;;;
expression;au bord du Rhin;;;
nom;cycliste;m;false;
phrase;j’y suis allé;;;
nom;bosse;f;false;
nom;boucles;fpl;false;
verbe;doubler;;;
nom;scarabée;m;false;
nom;Coccinelle;f;false;
expression;passer sur la périphérie;;;
verbe;klaxonner;;;
nom;GPS;mpl;false;
nom;frein;m;false;
verbe;garer la voiture;;;
nom;flics;mpl;false;
nom;pollution sonore;f;false;
expression;discussion vive;;;
adjectif;pair;;;
adjectif;impair;;;
nom;trafic;m;false;
phrase;Ça y fait quand il y a moins de voitures.;;;
nom;tronçon d’autoroute;m;false;
adjectif;fluide;;;
nom;bouchon;m;false;
expression;aller dans Paris;;;
nom;Crit’Air;m;false;
adjectif;encombré;;;
verbe;respirer;;;
nom;piéton;m;false;
adjectif;en vigueur;;;
nom;barrage;m;false;
nom;riverain;m;false;
expression;être muni de qc;;;
nom;justificatif de domicile;m;false;
verbe;s’agacer;;;
expression;crier dessus qn;;;
adjectif;jovial;;;
nom;voie;f;false;
phrase;Au sol, le traçage des voies interpelle;;;
adverbe;tandis que;;;
nom;maire;m;false;
nom;indice;m;true;
verbe;tomber dans l’escalier;;;
expression;passer par Paris;;;
expression;dans la rue;;;
expression;sur l’herbe;;;
verbe;supplanter;;;
verbe;embellir;;;
verbe;végétaliser;;;
adjectif;piétonnisé;;;
phrase;le terrain est en pente;;;
verbe;enlever qc;;;
verbe;s’insurger;;;
nom;effacement;m;true;
adjectif;mal assuré;;;
nom;cours de français;m;false;
nom;plaie;f;false;
nom;rue principale;f;false;
expression;au bord de;;true;
nom;lac;m;false;
nom;légume;m;false;
verbe;oublier qc.;;;
adverbe;plein de;;;
