category;term;genus;ref
verbe;sich zu etw. anmelden;;
nom;Demonstration;f;
verbe;etw. desinfizieren;;
nom;Kühlschrank;m;
nom;Campen;n;
nom;Schlafsack;m;
adjectif;weinbau-;;
verbe;wandern;;
nom;Höhenunterschied;m;
nom;Kapelle;f;
expression;in Bayern;;
nom;Kurort;m;
verbe;zur Kur fahren;;
adjectif;anstrengend;;
adjectif;ermüdend;;
adjectif;schwer, hart;;
nom;Rolle;f;
adjectif;ekelhaft;;
nom;Hügel;m;
nom;Umhängetasche;f;
nom;Gepäck;n;
verbe;(ein Fahrrad) schieben;;
verbe;fahren;;
nom;Helm;m;
nom;Kappe;f;
adjectif;schwer;;
adjectif;leicht;;
nom;Anlage;f;
nom;Mündung;f;
expression;in Griechenland;;
adjectif;griechisch;;
expression;renoviert werden;;
nom;Marzipan;n;
nom;Wohnmobil;n;
expression;an der Küste;;
expression;mit dem Flugzeug fliegen;;
expression;im Zentrum;;
nom;Ermittler;m;
nom;Wüste;f;
nom;Flug;m;
nom;Ausstellung;f;
nom;Gemälde;n;
adjectif;skandinavisch;;
nom;Parkett;n;
nom;Laminat;n;
nom;Eiche;f;
nom;Erle;f;
nom;Buche;f;
nom;Kiefer;f;
nom;Ahorn;m;
nom;Fichte;f;
nom;Pinie;f;
nom;Birke;f;
nom;Kirschbaum;m;
nom;Kirschholz;n;
nom;Mischung;f;
nom;Flohmarkt;m;
nom;Geschirr;n;
nom;Marke;f;
adjectif;billig;;
adjectif;günstiger;;
nom;Mehrwertsteuer;f;
nom;Schild;n;
nom;Dachbodenflohmarkt;m;
expression;sobald;;
expression;sein Blick hellt sich auf;;
adjectif;fieberhaft;;
adjectif;fern, entfernt;;
nom;Fundstück;n;
expression;die Strecke zurücklegen;;
expression;noch bevor + verb;;
nom;Stofftasche;f;
nom;Thermoskanne;f;
nom;Kaufort;m;
nom;Stadtrand;m;
nom;Phänomen;n;
verbe;sich verbreiten;;
expression;Tausende;;
nom;Ecke;f;
verbe;flüstern;;
verbe;angeschlagen;;
verbe;erwähnen, ins Gedächtnis rufen;;
nom;Seele;f;
nom;Uhr;f;
verbe;Patina bekommen;;
expression;Charakter verleihen;;
verbe;scherzen;;
expression;leidenschaftlich;;
nom;Geselligkeit;f;
nom;Kribbeln;n;
nom;Rattan;n;
expression;unwillkürlich;;
expression;eine Leidenschaft hat mich gepackt;;
adjectif;strahlend;;
expression;einer Versuchung erliegen;;
adjectif;neblig;;
nom;Brieftasche;f;
nom;Geldschein;m;
verbe;schlendern;;
adjectif;ungewöhnlich;;
verbe;mitbringen;;
nom;Magie;f;
expression;im Lauf der Jahre;;
verbe;ihr wart / Sie waren;;
expression;in Kroatien;;
nom;Ferienhaus;n;
nom;Erwartung;f;
nom;Trödelmarkt (Picardie);m;
nom;Trödelmarkt (Nordfrankreich);m;
nom;Umsatz;m;
nom;Einkaufstasche;f;
nom;Stoff;m;
adjectif;roh, naturbelassen, trocken;;
nom;Hefe;f;
nom;Fläschchen;n;
nom;Anhänger;m;
verbe;etw. loswerden;;
verbe;schmelzen;;
nom;Besteck;n;
nom;Silber;n;
nom;Silberbesteck;n;
nom;Gabel;f;
nom;Messer;n;
nom;Löffel;m;
nom;Mitgift;f;
nom;Porzellan;n;
verbe;polieren;;
nom;Kronleuchter;m;
adjectif;frech, respektlos;;
nom;Verlust;m;
nom;Anfang;m;
nom;Steingut;n;
nom;Auktion;f;
verbe;speichern;;
nom;Bettlaken;n;
verbe;feilschen;;
nom;Storch;m;
verbe;Staub wischen;;
nom;Taschentuch;n;
nom;Aussteuer;f;
nom;Tischdecke;f;
nom;Tasse;f;
verbe;herumhängen;;
nom;Ring;m;
nom;Wissenschaftler;m;
nom;Erderwärmung;f;
nom;Klimawandel;m;
nom;Überschwemmung;f;
expression;aufgrund von;;
nom;Dürre;f;
adjectif;trocken;;
nom;Zugvogel;m;
nom;Mischwald;m;
nom;Gletscher;m;
nom;Wikinger;m;
verbe;sich niederlassen;;
nom;Eiszeit;f;
nom;Sumpf;m;
expression;gehört haben, dass;;
nom;Ostsee;f;
nom;Steinschlag;m;
nom;Kälte;f;
verbe;ein Material zurückhalten;;
nom;Riss;m;
verbe;gefrieren;;
verbe;Schlittschuh laufen;;
verbe;Schnee räumen;;
verbe;Schlitten fahren;;
nom;Seilbahn;f;
nom;Schneekanone;f;
nom;Ladestation;f;
verbe;entweichen;;
verbe;starten;;
verbe;abheben;;
nom;Start;m;
verbe;landen;;
nom;Landung;f;
nom;Qualle;f;
nom;Doppel-/Dreifachverglasung;f;
nom;Kerosin;n;
nom;Wärmepumpe;f;
verbe;Bäume entfernen;;
nom;Strauch;m;
nom;Grün;n;
nom;Baumkrone;f;
verbe;über die Ufer treten;;
verbe;fällen;;
nom;Solarpanel;n;
nom;Bohrung;f;
adjectif;beschädigt;;
nom;Schiene;f;
verbe;unterstützen;;
nom;Drittel;n;
nom;Durchlauferhitzer;m;
expression;Das passt uns gut.;;
nom;Amortisation;f;
nom;Kachel;f;
nom;Lautsprecher;m;
nom;Dicke;f;
expression;kaum;;
nom;Vorhersage;f;
nom;Prognose;f;
nom;Schaden;m;
verbe;liefern;;
nom;Kräutertee;m;
nom;Tee;m;
verbe;vergrößern;;
verbe;heilen;;
nom;Skifahrer;m;
adverbe;plötzlich;;
expression;im Oktober;;
nom;Schicht;f;
nom;Hocker;m;
nom;Rost;m;
verbe;rosten;;
nom;Schuhe;mpl;
nom;Sohle;f;
nom;Absatz;m;
nom;Gamaschen;fpl;
nom;Schlamm;m;
nom;Netz;n;
nom;Saisonarbeiter;m;
nom;Kubikmeter;m;
nom;Speicherung;f;
nom;Rückhaltebecken;n;
nom;Transport;m;
verbe;ausgleichen;;
nom;Gipfel;m;
expression;im Überfluss;;
nom;HNO-Arzt;m;
adjectif;verwendbar;;
nom;Helikoptertransport;m;
nom;Sonnenuntergang;m;
nom;Datenspeicher;m;
nom;Energiespeicher;m;
verbe;ansammeln;;
nom;Boot;n;
nom;Erweiterung;f;
nom;Präparierung;f;
nom;Pistenraupe;f;
verbe;Bäume fällen;;
verbe;entsperren;;
nom;Thermalwesen;n;
nom;Mountainbike;n;
nom;Gleitschirmlehrer;m;
expression;über das Jahr verteilen;;
expression;kein / viel von;;
nom;Skibekleidung;f;
nom;Schneeschuhe;fpl;
nom;Lockdown;m;
nom;Skischuhe;fpl;
nom;Ausrüstung;f;
nom;Material;n;
expression;ohne Skipass;;
adverbe;ausreichend;;
nom;wirtschaftliche Bilanz;f;
expression;etw. leugnen;;
verbe;Schwierigkeiten haben, etw. zu tun;;
nom;Wasserstoff;m;
expression;etw. fortbestehen lassen;;
nom;Genügsamkeit;f;
nom;Treibhausgase;mpl;
expression;als Musterschüler gelten;;
nom;Windkraftanlage;f;
verbe;wachsen;;
verbe;jmdn. verwöhnen;;
adjectif;handwerklich;;
nom;Einzelkind;n;
nom;Halbbruder / Halbschwester;m/f;
adjectif;offen / ehrlich;;
nom;Ehrlichkeit;f;
nom;Geburtenrate;f;
nom;Föderalismus;m;
verbe;überfordert sein;;
nom;Praxis;f;
nom;Schlägerei;f;
verbe;petzen;;
nom;Petze;f;
expression;schlecht drauf sein;;
nom;Kakerlake;f;
adjectif;hemmungslos;;
expression;kein Blatt vor den Mund nehmen;;
expression;einen Konflikt lösen;;
nom;Vertrautheit;f;
travail;eine Studie durchsehen;;
verbe;erreichen;;
adverbe;mal so, mal so;;
nom;gegenseitige Hilfe;f;
expression;eine Feststellung machen;;
nom;Fracht;f;
nom;Ladung;f;
expression;willkommen sein;;
adjectif;keltisch;;
expression;über eine Vermittlung;;
verbe;unterhalten;;
verbe;pflegen;;
nom;Gespräch;n;
nom;Bewerbungsgespräch;n;
verbe;sich unterhalten;;
nom;Zahnschmerzen;pl;
adjectif;verärgert;;
verbe;erziehen;;
nom;Erziehung;f;
verbe;sich streiten;;
verbe;zögern, etw. zu tun;;
expression;außerhalb der Familie;;
expression;learning by doing;;
nom;Haufen;m;
adjectif;erfreulich;;
verbe;wohnen;;
verbe;bleiben;;
adjectif;emotional;;
expression;Uneinigkeiten managen;;
nom;Geschwister;pl;
verbe;benachteiligen;;
expression;trotzdem / dennoch;;
nom;Geburtsrang;m;
verbe;verstreuen / verbreiten;;
nom;Ältester;m;
nom;Jüngster;m;
adjectif;rebellisch;;
nom;Zielgruppe;f;
expression;mehr von;;
verbe;schimpfen;;
verbe;beschuldigen;;
expression;ihm gegenüber;;
expression;sich im Erwachsenenalter annähern;;
expression;Bindungen lockern;;
verbe;versammeln;;
expression;aus Konvention;;
nom;Plappermaul;f;
nom;Party;f;
expression;sich gut mit jmdm. verstehen;;
expression;sich schlecht mit jmdm. verstehen;;
nom;Zwillinge;mpl;
nom;Zwillingsschwestern;fpl;
nom;eineiige Zwillinge;mpl;
nom;zweieiige Zwillinge;mpl;
verbe;etw. verwechseln;;
expression;frühgeboren sein;;
verbe;etw. erkennen / unterscheiden;;
adjectif;gleich;;
nom;Kindergarten;f;
nom;Kinderkrippe;f;
expression;Den Haag;;
nom;Hecke;f;
expression;das Thema wechseln;;
expression;krank spielen;;
expression;einen Bedarf decken;;
expression;enden;;
expression;bei weitem nicht der Fall sein;;
expression;wenn / damit;;
verbe;verbergen / tarnen;;
verbe;den Platz wechseln;;
verbe;langsamer werden;;
expression;Lichthupe geben;;
nom;Blaulicht;n;
nom;Ahnenforschung;f;
nom;Stammbaum;m;
nom;Todesanzeige;f;
adverbe;von früher;;
expression;anstatt;;
nom;Entwurf;m;
nom;Beileidsbrief;m;
nom;Schiedsrichter;m;
nom;Stromausfall;m;
expression;ständig über etw. nachdenken;;
nom;Lebensberater/in;m/f;
nom;Vertraute;m/f;
nom;leitende Angestellte;m;
verbe;etw. knüpfen;;
verbe;stattfinden / verlaufen;;
expression;sich einen Platz erkämpfen;;
nom;Gesprächspartner;m;
nom;Plauderei;f;
nom;vertrauliche Geständnis;n;
nom;Mitmensch;m;
expression;übergangsweise;;
verbe;erfüllen / ausgleichen;;
nom;Wettstreit;m;
nom;Gefühlsausbruch;m;
nom;Epos;n;
adjectif;gehemmt;;
verbe;eine Antwort hinterfragen;;
verbe;sich wieder fangen;;
adjectif;ästhetisch;;
nom;Arabeske;f;
adjectif;vernachlässigbar;;
expression;schwer darauf verzichten können;;
verbe;aufwerten;;
expression;etw. auf die Probe stellen;;
adjectif;gesellschaftlich zurückgezogen;;
adjectif;nachsichtig;;
adverbe;jedoch;;
nom;nachdrückliche Meinung;f;
adverbe;wenigstens;;
nom;Ohrhörer (einzeln);f;
nom;In-Ear-Kopfhörer;mpl;
nom;Kopfhörer (Over-Ear);m;
nom;Kinderwagen;m;
nom;Wahrscheinlichkeit;f;
nom;Plagiat;n;
nom;Einmaleins;n;
verbe;festnehmen / stellen;;
nom;Baustelle;f;
expression;Straßenarbeiten;;
nom;Fahrradweg;m;
nom;Einbahnstraße;f;
nom;Autofahrer;m;
verbe;jmdm. begegnen;;
verbe;überfahren;;
verbe;herumschleichen;;
expression;am Rheinufer;;
nom;Radfahrer;m;
phrase;ich bin dorthin gegangen;;
nom;Bodenwelle;f;
nom;Locken;fpl;
verbe;überholen;;
nom;Käfer (Tier);m;
nom;VW-Käfer;f;
expression;über die Ringstraße fahren;;
verbe;hupen;;
nom;GPS-Geräte;npl;
nom;Bremse;f;
verbe;das Auto parken;;
nom;Bullen (Polizei);mpl;
adjectif;überfüllt;;
nom;Lärmverschmutzung;f;
expression;heftige Diskussion;;
adjectif;gerade (Zahl);;
adjectif;ungerade (Zahl);;
nom;Verkehr;m;
phrase;Das macht etwas aus, wenn weniger Autos unterwegs sind.;;
nom;Autobahnabschnitt;m;
adjectif;flüssig (Verkehr);;
nom;Stau;m;
nom;Korken / Deckel;m;
expression;nach Paris hineinfahren;;
nom;Crit’Air-Plakette;f;
adjectif;zugeparkt / blockiert;;
verbe;atmen;;
nom;Fußgänger;m;
adjectif;in Kraft;;
nom;Sperre;f;
nom;Anwohner;m;
expression;etw. bei sich haben;;
nom;Wohnsitznachweis;m;
verbe;genervt sein;;
expression;jmdn. anschreien;;
adjectif;gut gelaunt / fröhlich;;
nom;Spur / Fahrbahn;f;
phrase;Die Markierung der Fahrbahnen fällt auf;;
adverbe;während;;
nom;Bürgermeister;m;
nom;Hinweis;m;
verbe;die Treppe hinunterfallen;;
expression;durch Paris fahren;;
expression;auf der Straße;;
expression;auf dem Gras;;
verbe;verdrängen;;
verbe;verschönern;;
verbe;begrünen;;
adjectif;zur Fußgängerzone gemacht;;
phrase;das Gelände ist abschüssig;;
verbe;etw. entfernen / wegnehmen;;
verbe;sich empören;;
nom;Entfernung;f;
adjectif;unsicher (körperlich);;
adjectif;unsicher (emotional);;
nom;Französischkurs;m;
nom;Hauptstraße;f;
nom;Wunde;f;
nom;Camping;n;
nom;Gemüse;n;
nom;See;m;
verbe;etw. vergessen;;
adverbe;voll von etw.;;
expression;am Ufer von etw.;;
nom;Region;f;
