lesson;id;sid;fr;de
1;1;1;Je vais m'inscrire à un cours de français.;Ich melde mich zu einem Französischkurs an.
1;2;2;Il y avait une manifestation dans la rue principale.;In der Hauptstraße gab es eine Demonstration.
1;3;3;Il faut désinfecter la plaie.;Man muss die Wunde desinfizieren.
1;4;4;Le frigidaire est plein de légumes.;Der Kühlschrank ist voller Gemüse.
1;5;5;Nous faisons du camping au bord du lac.;Wir machen Camping am See.
1;6;6;J'ai oublié mon sac de couchage.;Ich habe meinen Schlafsack vergessen.
1;7;7;C'est une région viticole.;Das ist eine Weinbauregion.
1;8;8;Nous aimons faire des randonnées en montagne.;Wir gehen gern in den Bergen wandern.
1;9;9;On peut randonner dans le parc naturel.;Man kann im Naturpark wandern.
1;10;10;Au cours de leur randonnée, ils ont parcouru un bon nombre de mètres de dénivelé.;Während ihrer Wanderung haben sie ordentlich viele Meter Höhenunterschied zurückgelegt.
1;11;11;Nous avons visité une petite chapelle.;Wir haben eine kleine Kapelle besichtigt.
1;12;12;J'habite en Bavière.;Ich wohne in Bayern.
1;13;13;Cette ville est une station thermale célèbre.;Diese Stadt ist ein bekannter Kurort.
1;14;14;Ma grand-mère est allée en cure.;Meine Oma ist zur Kur gefahren.
1;15;15;Le voyage était crevant.;Die Reise war anstrengend.
1;16;16;C'est un travail très fatigant.;Das ist eine sehr ermüdende Arbeit.
1;17;17;L'examen était très dur.;Die Prüfung war sehr schwer.
1;18;18;Il a joué un rôle important.;Er hat eine wichtige Rolle gespielt.
1;19;19;Ce repas est dégoûtant.;Dieses Essen ist ekelhaft.
1;20;20;La maison est sur une colline.;Das Haus liegt auf einem Hügel.
1;21;21;Il porte une sacoche en cuir.;Er trägt eine Ledertasche.
1;22;22;J'ai perdu mes bagages à l'aéroport.;Ich habe mein Gepäck am Flughafen verloren.
1;23;23;Il a dû pousser son vélo en montée.;Er musste sein Rad bergauf schieben.
1;24;24;La voiture roule vite.;Das Auto fährt schnell.
1;25;25;Le frein de mon vélo ne marche pas.;Meine Fahrradbremse funktioniert nicht.
1;26;26;Il faut porter un casque à vélo.;Beim Radfahren muss man einen Helm tragen.
1;27;27;Il porte une casquette bleue.;Er trägt eine blaue Kappe.
1;28;28;Ce sac est très lourd.;Diese Tasche ist sehr schwer.
1;29;29;Ce tissu est très léger.;Dieser Stoff ist sehr leicht.
1;31;31;Les aménagements du parc sont modernes.;Die Anlagen des Parks sind modern.
1;32;32;L'estuaire de la Loire est magnifique.;Die Mündung der Loire ist wunderschön.
1;33;33;Je vais en Grèce cet été.;Ich fahre diesen Sommer nach Griechenland.
1;34;34;Elle est grecque.;Sie ist Griechin.
1;36;36;Le musée est en rénovation.;Das Museum wird gerade renoviert.
1;37;37;La pâte d'amandes est sucrée.;Marzipan ist süß.
1;38;38;Ils voyagent en camping-car.;Sie reisen mit dem Wohnmobil.
1;39;39;La plage était bondée.;Der Strand war überfüllt.
1;40;40;Nous avons une maison sur la côte.;Wir haben ein Haus an der Küste.
1;41;41;Nous allons en avion à Paris.;Wir fliegen nach Paris.
1;42;42;L'hôtel est dans le centre-ville.;Das Hotel ist im Stadtzentrum
1;43;43;L'enquêteur cherche des indices.;Der Ermittler sucht nach Hinweisen.
1;44;44;Le Sahara est un grand désert.;Die Sahara ist eine große Wüste.
1;45;45;Le vol de l'avion a été retardé.;Der Flug wurde verspätet.
1;46;46;Il y a une exposition d'art au musée.;Es gibt eine Kunstausstellung im Museum
1;47;47;Ce tableau est de Picasso.;Dieses Gemälde ist von Picasso.
1;48;48;J'aime le design scandinave.;Ich mag skandinavisches Design.
1;49;49;Le parquet est en chêne.;Das Parkett ist aus Eiche.
1;50;50;Le sol est en parquet flottant.;Der Boden ist aus Laminat.
1;51;51;Cette table est en chêne.;Der Tisch ist aus Eiche.
1;52;52;L'aulne pousse au bord des rivières.;Erlen wachsen oft an Flüssen.
1;53;53;Le hêtre est un bois dur.;Buche ist ein Hartholz.
1;54;54;Le pin est un arbre résineux.;Die Kiefer ist ein Nadelbaum
1;55;55;L'érable donne du sirop.;Aus dem Ahorn gewinnt man Sirup.
1;56;56;L'épicéa est un arbre commun en Europe.;Die Fichte ist ein häufiger Baum in Europa.
1;57;57;Le pin parasol pousse dans le Sud.;Die Pinie wächst im Süden.
1;58;58;Le bouleau a une écorce blanche.;Die Birke hat weiße Rinde.
1;59;59;Le cerisier fleurit au printemps.;Der Kirschbaum blüht im Frühling.
1;60;60;Cette armoire est en merisier.;Dieser Schrank ist aus Kirschholz.
1;61;61;C'est un mélange de couleurs.;Das ist eine Farbmischung.
1;62;62;J'ai acheté un vase au marché aux puces.;Ich habe eine Vase auf dem Flohmarkt gekauft.
1;63;63;La vaisselle est propre.;Das Geschirr ist sauber.
1;64;64;Quelle est la marque de cette voiture ?;Welche Marke hat dieses Auto?
1;65;65;Ces chaussures sont bon marché.;Diese Schuhe sind billig.
1;66;66;C'est meilleur marché que chez eux.;Das ist günstiger als bei ihnen.
1;67;67;La TVA en France est de 20 %.;Die Mehrwertsteuer in Frankreich beträgt 20 %.
1;68;68;Il y avait une pancarte devant la boutique.;Vor dem Laden hing ein Schild.
1;69;69;J'ai trouvé une vieille lampe à la brocante.;Ich habe eine alte Lampe auf dem Flohmarkt gefunden.
1;70;70;Le village organise un vide-greniers dimanche.;Das Dorf organisiert am Sonntag einen Dachbodenflohmarkt.
1;71;71;Dès que j'arrive, je t'appelle.;Sobald ich ankomme, rufe ich dich an.
1;72;72;Son regard s'illumine quand il parle de musique.;Sein Blick hellt sich auf, wenn er über Musik spricht.
1;73;73;Ses yeux brillent de joie.;Seine Augen glänzen vor Freude.
1;74;74;Elle écrit fiévreusement dans son carnet.;Sie schreibt fieberhaft in ihr Notizbuch.
1;75;75;C'est un souvenir lointain de mon enfance.;Das ist eine ferne Erinnerung aus meiner Kindheit.
1;76;76;Cette chaise est une belle trouvaille.;Dieser Stuhl ist ein schönes Fundstück.
1;77;77;Nous allons faire la route ensemble.;Wir werden die Strecke gemeinsam fahren.
1;78;78;Ils partent avant même que le soleil ne se lève.;Sie brechen auf, noch bevor die Sonne aufgeht.
1;79;79;Elle emporte toujours un cabas en toile au marché.;Sie bringt immer eine Stofftasche mit zum Markt.
1;80;80;J'ai pris un thermos de café.;Ich habe eine Thermoskanne Kaffee mitgenommen.
1;81;81;Il a payé avec un billet de 20 euros.;Er hat mit einem 20-Euro-Geldschein bezahlt.
1;82;82;Le ticket de caisse indique le lieu d'achat.;Der Kassenzettel zeigt den Kaufort.
1;83;83;Ils habitent à la périphérie de la ville.;Sie wohnen am Stadtrand.
1;84;84;Le marché est devenu un vrai phénomène culturel.;Der Markt ist zu einem echten kulturellen Phänomen geworden.
1;85;85;La nouvelle s'est rapidement répandue.;Die Nachricht hat sich schnell verbreitet.
1;86;86;Des milliers de personnes visitent le marché.;Tausende Menschen besuchen den Markt.
1;87;87;Nous nous retrouvons dans un coin tranquille.;Wir treffen uns in einer ruhigen Ecke.
1;88;88;Les enfants chuchotent dans la bibliothèque.;Die Kinder flüstern in der Bibliothek.
1;89;89;J'ai une assiette ébréchée.;Ich habe einen angeschlagenen Teller.
1;90;90;Il évoque souvent ses voyages.;Er erwähnt oft seine Reisen.
1;91;91;Cette maison a une âme.;Dieses Haus hat eine Seele.
1;92;92;L'horloge sonne midi.;Die Uhr schlägt zwölf.
1;93;93;La peinture commence à se patiner avec le temps.;Die Farbe bekommt mit der Zeit Patina.
1;94;94;Ce détail apporte du caractère à la pièce.;Dieses Detail verleiht dem Raum Charakter.
1;95;95;On plaisante toujours avec lui.;Mit ihm scherzt man immer.
1;96;96;Elle négocie avec ferveur sur le marché.;Sie handelt leidenschaftlich auf dem Markt.
1;97;97;Les vendeurs partagent volontiers des anecdotes sur leurs trésors.;Die Verkäufer erzählen gerne Anekdoten über ihre Schätze.
1;98;98;La convivialité est au cœur de cet événement.;Die Geselligkeit steht im Mittelpunkt dieser Veranstaltung.
1;99;99;Le temps semble suspendu au fil des conversations.;Die Zeit scheint während der Gespräche stillzustehen.
1;100;100;J'ai ressenti un frisson de joie.;Ich habe einen Freudenkribblen gespürt.
1;101;101;Elle s'assoit sur une chaise en rotin.;Sie setzt sich auf einen Rattanstuhl.
1;102;102;J'ai souri malgré moi.;Ich habe unwillkürlich gelächelt.
1;103;103;Peu à peu, une passion m'a gagnée.;Nach und nach hat mich eine Leidenschaft ergriffen.
1;104;104;Elle est rayonnante de bonheur.;Sie strahlt vor Glück.
1;105;105;Il a cédé à la tentation d'acheter ce tableau.;Er ist der Versuchung erlegen, das Bild zu kaufen.
1;106;106;Le paysage est embrumé ce matin.;Die Landschaft ist heute Morgen neblig.
1;107;107;J'ai perdu mon portefeuille.;Ich habe meine Brieftasche verloren.
1;108;108;Il a payé en petites coupures.;Er hat mit kleinen Scheinen bezahlt.
1;109;109;Ils arpentent les allées du marché.;Sie schlendern durch die Gänge des Marktes.
1;110;110;C'est un objet insolite.;Das ist ein ungewöhnlicher Gegenstand.
1;111;111;J'ai rapporté un souvenir de Paris.;Ich habe ein Souvenir aus Paris mitgebracht.
1;112;112;On ressent la magie du lieu.;Man spürt die Magie des Ortes.
2;113;113;Au fil des années, ils sont devenus amis.;Im Lauf der Jahre sind sie Freunde geworden.
2;114;114;Vous étiez en vacances quand je vous ai appelés.;Ihr wart im Urlaub, als ich euch anrief.
2;115;115;Nous passons nos vacances en Croatie.;Wir verbringen unsere Ferien in Kroatien.
2;116;116;Nous louons une maison de vacances au bord de la mer.;Wir mieten ein Ferienhaus am Meer.
2;117;117;Son attente d'une réponse rapide a été déçue.;Seine Erwartung auf eine schnelle Antwort wurde enttäuscht.
2;118;118;La réderie d'Amiens attire de nombreux visiteurs.;Der Flohmarkt von Amiens zieht viele Besucher an.
2;119;119;La braderie de Lille est très connue.;Die Flohmarkt in Lille ist sehr bekannt.
2;120;120;Le chiffre d'affaires a augmenté de 10 %.;Der Umsatz ist um 10 % gestiegen.
2;121;121;Elle emporte un cabas en toile au marché.;Sie bringt eine Einkaufstasche aus Stoff mit auf den Markt.
2;122;122;Le tissu de cette chemise est très doux.;Der Stoff dieses Hemdes ist sehr weich.
2;123;123;Ce vin est brut et sec.;Dieser Wein ist trocken.
2;124;124;Il faut ajouter de la levure à la pâte.;Man muss dem Teig Hefe hinzufügen.
2;125;125;Le bébé boit son lait dans un biberon.;Das Baby trinkt seine Milch aus einem Fläschchen.
2;126;126;Il a accroché une remorque à sa voiture.;Er hat einen Anhänger an sein Auto gehängt.
2;127;127;Elle veut se débarrasser de ces vieux meubles.;Sie will diese alten Möbel loswerden.
2;128;128;Le chocolat fond au soleil.;Die Schokolade schmilzt in der Sonne.
2;129;129;Chaque invité a un couvert complet.;Zu jedem Gast gehört ein komplettes Besteck.
2;130;130;L'argent est un métal précieux.;Silber ist ein Edelmetall.
2;131;131;L'argenterie est rangée dans le tiroir.;Das Silberbesteck liegt in der Schublade.
2;132;132;Je n'ai pas de fourchette propre.;Ich habe keine saubere Gabel.
2;133;133;Le couteau n'est pas bien aiguisé.;Das Messer ist nicht gut geschärft.
2;134;134;Je prends une cuillère de sucre.;Ich nehme einen Löffel Zucker.
2;135;135;Autrefois, la dot était courante dans les mariages.;Früher war die Mitgift bei Hochzeiten üblich.
2;136;136;La porcelaine de Limoges est célèbre.;Das Porzellan aus Limoges ist berühmt.
2;137;137;Il faut polir l'argenterie pour qu'elle brille.;Man muss das Silber polieren, damit es glänzt.
2;138;138;Un grand lustre éclaire la salle.;Ein großer Kronleuchter erhellt den Saal.
2;139;139;Cet enfant est insolent.;Dieses Kind ist frech.
2;140;140;La perte de son portefeuille l'a beaucoup inquiété.;Der Verlust seiner Brieftasche hat ihn sehr beunruhigt.
2;141;141;Le début du film est passionnant.;Der Anfang des Films ist spannend.
2;142;142;La faïence de Delft est très réputée.;Die Delfter Steingut ist sehr berühmt.
2;143;143;La vente aux enchères a eu lieu hier.;Die Auktion fand gestern statt.
2;144;144;Je dois sauvegarder mes fichiers.;Ich muss meine Dateien speichern.
2;145;145;Les draps sont propres et frais.;Die Bettlaken sind sauber und frisch.
2;146;146;Il aime marchander les prix au marché.;Er feilscht gern um die Preise auf dem Markt.
2;147;147;Une cigogne a niché sur le toit.;Ein Storch hat auf dem Dach genistet.
2;148;148;Je dois faire la poussière dans le salon.;Ich muss im Wohnzimmer Staub wischen.
2;149;149;Il a sorti un mouchoir de sa poche.;Er zog ein Taschentuch aus seiner Tasche.
2;150;150;Elle a reçu un trousseau complet pour son mariage.;Sie hat zu ihrer Hochzeit eine komplette Aussteuer erhalten.
2;151;151;La nappe blanche est sur la table.;Die weiße Tischdecke liegt auf dem Tisch.
2;152;152;Je bois mon café dans une tasse.;Ich trinke meinen Kaffee aus einer Tasse.
3;153;153;Il aime simplement traîner le week-end.;Er hängt am Wochenende einfach nur herum
3;154;154;Elle porte une bague en or.;Sie trägt einen Goldring.
3;155;155;Le scientifique étudie le climat.;Der Wissenschaftler untersucht das Klima.
3;156;156;Le réchauffement climatique est une menace mondiale.;Die Erderwärmung ist eine weltweite Bedrohung.
3;157;157;Le changement climatique affecte toute la planète.;Der Klimawandel betrifft den ganzen Planeten.
3;158;158;L'inondation a endommagé de nombreuses maisons.;Die Überschwemmung hat viele Häuser beschädigt.
3;159;159;Les retards sont dûs à la pluie.;Die Verspätungen sind aufgrund des Regens.
3;160;160;La sécheresse dure depuis plusieurs mois.;Die Dürre hält seit mehreren Monaten an.
3;161;161;Le climat est très sec en été.;Das Klima ist im Sommer sehr trocken.
3;162;162;Un oiseau migrateur revient au printemps.;Ein Zugvogel kehrt im Frühling zurück.
3;163;163;La région est couverte d'une forêt mixte.;Die Region ist von einem Mischwald bedeckt.
3;164;164;Le glacier fond rapidement.;Der Gletscher schmilzt schnell.
3;165;165;Les Vikings ont voyagé en Europe.;Die Wikinger reisten durch Europa.
3;166;166;Les colons se sont installés près du fleuve.;Die Siedler haben sich am Fluss niedergelassen.
3;167;167;La période glaciaire a duré plusieurs millénaires.;Die Eiszeit dauerte mehrere Jahrtausende.
3;168;168;Un marais s'étend derrière la forêt.;Hinter dem Wald erstreckt sich ein Sumpf.
3;169;169;J'ai entendu dire qu'il allait neiger.;Ich habe gehört, dass es schneien wird.
3;170;170;Nous passons nos vacances à la mer Baltique.;Wir verbringen unsere Ferien an der Ostsee.
3;171;171;Une chute de pierres a bloqué la route.;Ein Steinschlag hat die Straße blockiert.
3;172;172;Le froid de l'hiver est intense.;Die Winterkälte ist heftig.
3;173;173;Ce mur retient bien le matériau isolant.;Diese Wand hält das Dämmmaterial gut zurück.
3;174;174;Une fissure est apparue dans le mur.;Ein Riss ist in der Wand entstanden.
3;175;175;L'eau commence à geler.;Das Wasser beginnt zu gefrieren.
3;176;176;Nous aimons patiner en hiver.;Wir laufen im Winter gern Schlittschuh.
3;177;177;Il faut déneiger l'allée.;Man muss den Weg vom Schnee befreien.
3;178;178;Les enfants adorent faire de la luge.;Die Kinder rodeln gern.
3;179;179;Le téléphérique monte jusqu'au sommet.;Die Seilbahn fährt bis zum Gipfel.
3;180;180;Un canon à neige fonctionne toute la nuit.;Die Schneekanone läuft die ganze Nacht.
3;181;181;Une borne de recharge est installée près du parking.;Neben dem Parkplatz steht eine Ladestation.
3;182;182;La fumée s'échappe de la cheminée.;Der Rauch entweicht aus dem Schornstein.
3;183;183;La voiture démarre sans problème.;Das Auto startet ohne Probleme.
3;184;184;L'avion décolle à 15 heures.;Das Flugzeug hebt um 15 Uhr ab.
3;185;185;Le décollage de l'avion a été retardé.;Der Start des Flugzeugs hat sich verzögert.
3;186;186;L'avion va atterrir dans quelques minutes.;Das Flugzeug wird in wenigen Minuten landen.
3;187;187;L'atterrissage s'est bien passé.;Die Landung ist gut verlaufen.
3;188;188;Une méduse flotte près de la plage.;Eine Qualle treibt in der Nähe des Strands.
3;189;189;Un double vitrage améliore l'isolation.;Eine Doppel- oder Dreifachverglasung verbessert die Dämmung.
3;190;190;Le kérosène est utilisé comme carburant d'avion.;Kerosin wird als Flugzeugtreibstoff verwendet.
3;191;191;Une pompe à chaleur chauffe la maison.;Eine Wärmepumpe heizt das Haus.
3;192;192;Il faut enlever des arbres pour construire la route.;Man muss Bäume entfernen, um die Straße zu bauen.
3;193;193;Un arbuste pousse près de la haie.;Ein Strauch wächst neben der Hecke.
3;194;194;La verdure du parc est magnifique.;Das Grün des Parks ist wunderschön.
3;195;195;La couronne de l'arbre est très large.;Die Baumkrone ist sehr ausladend.
3;196;196;La rivière a débordé après la pluie.;Der Fluss ist nach dem Regen über die Ufer getreten.
3;197;197;Il faut abattre cet arbre malade.;Dieser kranke Baum muss gefällt werden.
3;198;198;Un panneau solaire produit de l'électricité.;Ein Solarpanel erzeugt Strom
3;199;199;Le forage a atteint une nappe d'eau.;Die Bohrung hat eine Wasserader erreicht.
3;200;200;Le meuble est abîmé par l'humidité.;Das Möbelstück ist durch die Feuchtigkeit beschädigt.
3;201;201;Les rails du train doivent être entretenus.;Die Bahnschienen müssen gewartet werden.
3;202;202;Il faut soutenir ce projet.;Man muss dieses Projekt unterstützen.
3;204;204;Un tiers des habitants a signé la pétition.;Ein Drittel der Einwohner hat die Petition unterschrieben.
3;205;205;Un chauffe eau instantané fournit de l'eau chaude immédiatement.;Ein Durchlauferhitzer liefert sofort heißes Wasser.
3;206;206;Ça nous arrange bien que tu puisses venir.;Es passt uns gut, dass du kommen kannst.
3;207;207;L'amortissement de l'investissement est prévu en cinq ans.;Die Amortisation der Investition ist in fünf Jahren geplant.
3;208;208;Le carrelage de la cuisine est neuf.;Die Kacheln in der Küche sind neu.
3;209;209;Un haut-parleur diffuse la musique.;Ein Lautsprecher gibt die Musik wieder.
3;210;210;L'épaisseur du mur est de 40 centimètres.;Die Dicke der Wand beträgt 40 cm
3;211;211;Il ne parle guère de sa famille.;Er spricht kaum über seine Familie.
3;212;212;La prévision météo annonce de la pluie.;Die Wettervorhersage meldet Regen.
3;213;213;La prédiction s'est révélée exacte.;Die Prognose hat sich als zutreffend erwiesen.
3;214;214;Les dégâts de la tempête sont importants.;Die Sturmschäden sind erheblich.
4;215;215;L'entreprise doit fournir des preuves.;Die Firma muss Beweise liefern.
4;216;216;On dit qu'on parle le meilleur français à Tours, sur la Loire.;Man sagt, in Tours an der Loire spricht man das beste Französisch.
4;217;217;Mon fils va à la maternelle depuis septembre.;Mein Sohn geht seit September in den Kindergarten.
4;218;218;Elle boit une tisane avant de dormir.;Sie trinkt vor dem Schlafengehen einen Kräutertee.
4;219;219;J'aime les infusions à la menthe.;Ich mag Pfefferminztee.
4;220;220;Ils veulent agrandir la maison.;Sie wollen das Haus vergrößern.
4;221;221;Ce médicament aide à guérir rapidement.;Dieses Medikament hilft, schnell zu heilen.
4;222;222;Le skieur descend la piste à toute vitesse.;Der Skifahrer fährt mit voller Geschwindigkeit die Piste hinunter.
4;223;223;Il est tombé malade subitement.;Er ist plötzlich krank geworden.
4;224;224;Il neige souvent au mois d'octobre ici.;Hier schneit es oft im Oktober.
4;225;225;Une couche de neige couvre les toits.;Eine Schneeschicht bedeckt die Dächer.
4;226;226;Peux-tu me passer le tabouret ?;Kannst du mir den Hocker reichen?
4;227;227;Il y a de la rouille sur le métal.;Auf dem Metall ist Rost.
4;228;228;Les vieilles chaînes ont commencé à rouiller.;Die alten Ketten haben angefangen zu rosten.
4;229;229;Il a mis ses souliers neufs pour la fête.;Er hat seine neuen Schuhe für die Feier angezogen.
4;230;230;La semelle de mes bottes est cassée.;Die Sohle meiner Stiefel ist kaputt.
4;231;231;Elle porte des chaussures à talon haut.;Sie trägt Schuhe mit hohen Absätzen.
4;232;232;Les guêtres protègent les jambes de la neige.;Die Gamaschen schützen die Beine vor Schnee.
4;233;233;Le chemin est plein de boue après la pluie.;Der Weg ist nach dem Regen voller Schlamm
4;234;234;Il a attrapé le poisson avec un filet.;Er hat den Fisch mit einem Netz gefangen.
4;235;235;Les travailleurs saisonniers viennent chaque hiver.;Die Saisonarbeiter kommen jeden Winter.
4;236;236;On a besoin de dix mètres cubes de bois.;Wir brauchen zehn Kubikmeter Holz.
4;237;237;Le stockage des données est sécurisé.;Die Datenspeicherung ist sicher.
4;238;238;La retenue d'eau sert à produire de l'électricité.;Das Rückhaltebecken dient der Stromerzeugung.
4;239;239;L'acheminement du courrier prend deux jours.;Der Transport der Post dauert zwei Tage.
4;240;240;Il faut équilibrer le budget.;Man muss das Budget ausgleichen.
4;241;241;Du sommet, la vue est magnifique.;Vom Gipfel aus ist die Aussicht wunderschön.
4;242;242;Les fleurs poussent en abondance au printemps.;Im Frühling wachsen die Blumen im Überfluss.
5;243;243;J'ai pris rendez-vous chez l'otorhino.;Ich habe einen Termin beim HNO-Arzt.
5;244;244;L'eau de pluie est utilisable après filtration.;Regenwasser ist nach der Filterung verwendbar.
5;245;245;L'héliportage permet d'apporter du matériel en altitude.;Der Helikoptertransport ermöglicht den Materialtransport in der Höhe.
5;246;246;On admire le coucher de soleil au dessus de la montagne.;Man bewundert den Sonnenuntergang über dem Berg.
5;247;247;Ce disque dur a une grande mémoire.;Diese Festplatte hat einen großen Datenspeicher.
5;248;248;Les accumulateurs stockent l'énergie solaire.;Energiespeicher speichern Solarenergie.
5;249;249;Il a accumulé beaucoup d'expérience.;Er hat viel Erfahrung angesammelt.
5;250;250;Ils traversent le lac en barque.;Sie überqueren den See mit einem Boot.
5;251;251;L'extension du réseau est en cours.;Die Erweiterung des Netzes ist im Gange.
5;252;252;Le damage des pistes commence à l'aube.;Die Präparierung der Pisten beginnt im Morgengrauen.
5;253;253;La dameuse passe chaque nuit.;Die Pistenraupe fährt jede Nacht.
5;254;254;Ils ont dû abattre des arbres malades.;Sie mussten kranke Bäume fällen.
5;255;255;Il faut débloquer le compte avant de continuer.;Man muss das Konto entsperren, bevor man weitermacht.
5;256;256;Le thermalisme attire beaucoup de curistes.;Das Thermalwesen zieht viele Kurgäste an.
5;257;257;Le VTT est très populaire en montagne.;Mountainbiken ist in den Bergen sehr beliebt.
5;258;258;Le moniteur de parapente explique les consignes de sécurité.;Der Gleitschirmlehrer erklärt die Sicherheitsregeln.
5;259;259;Ils veulent étaler la fréquentation sur toute l'année.;Sie wollen den Besuch über das ganze Jahr verteilen.
5;260;260;Il n'y a pas de neige, mais beaucoup de vent.;Es gibt keinen Schnee, aber viel Wind.
5;261;261;Les habits de ski doivent être imperméables.;Skibekleidung muss wasserdicht sein.
5;262;262;On marche avec des raquettes dans la neige.;Man geht mit Schneeschuhen durch den Schnee.
5;263;263;Le confinement a changé nos habitudes.;Der Lockdown hat unsere Gewohnheiten verändert.
5;264;264;Les bottes de ski sont lourdes à porter.;Skischuhe sind schwer zu tragen.
5;265;265;Le matériel de ski est prêt.;Die Skiausrüstung ist bereit.
5;266;266;Ce matériau est très résistant.;Dieses Material ist sehr widerstandsfähig.
5;267;267;Ils skient sans forfait aujourd'hui.;Sie fahren heute ohne Skipass Ski.
5;268;268;Il n'a pas suffisamment dormi.;Er hat nicht ausreichend geschlafen.
5;269;269;Le bilan économique de la station est positif.;Die wirtschaftliche Bilanz des Skigebiets ist positiv.
5;270;270;Il est dans le déni de la réalité.;Er leugnet die Realität.
5;271;271;J'ai du mal à me lever tôt.;Ich habe Schwierigkeiten, früh aufzustehen.
5;272;272;L'hydrogène est une énergie propre.;Wasserstoff ist eine saubere Energiequelle.
5;273;273;Ils veulent faire perdurer la tradition.;Sie wollen die Tradition fortbestehen lassen.
5;274;274;La sobriété énergétique est un objectif national.;Energetische Genügsamkeit ist ein nationales Ziel.
5;275;275;Les gaz à effet de serre augmentent la température.;Die Treibhausgase erhöhen die Temperatur.
5;276;276;La France fait figure de bon élève en matière d'écologie.;Frankreich gilt in Sachen Ökologie als Musterschüler.
5;277;277;Une éolienne produit de l'électricité grâce au vent.;Eine Windkraftanlage erzeugt Strom durch Wind.
5;278;278;Les fleurs poussent vite au printemps.;Die Blumen wachsen im Frühling schnell.
6;279;279;Ses grands-parents aiment le gâter à Noël.;Seine Großeltern verwöhnen ihn gern zu Weihnachten.
6;280;280;Ce fromage est produit de façon artisanale.;Dieser Käse wird handwerklich hergestellt.
6;281;281;Elle est fille unique et vit seule.;Sie ist Einzelkind und lebt allein.
6;282;282;J'ai un demi-frère qui habite à Lyon.;Ich habe einen Halbbruder, der in Lyon wohnt.
6;283;283;Elle est toujours très franche avec ses amis.;Sie ist immer sehr ehrlich zu ihren Freunden.
6;284;284;J'apprécie sa franchise.;Ich schätze ihre Ehrlichkeit.
6;285;285;Le taux de natalité baisse depuis dix ans.;Die Geburtenrate sinkt seit zehn Jahren.
6;286;286;Le fédéralisme donne plus de pouvoir aux régions.;Der Föderalismus gibt den Regionen mehr Macht.
6;287;287;Il se sent débordé par le travail.;Er fühlt sich von der Arbeit überfordert.
6;288;288;Le cabinet médical est au deuxième étage.;Die Arztpraxis ist im zweiten Stock.
6;289;289;Une bagarre a éclaté devant l'école.;Vor der Schule ist eine Schlägerei ausgebrochen.
6;290;290;Il a cafté à la maîtresse !;Er hat bei der Lehrerin gepetzt!
6;291;291;Quelle cafteuse !;Was für eine Petze!
6;292;292;J'ai le cafard depuis lundi.;Ich bin seit Montag schlecht drauf.
6;293;293;Un cafard court sur le mur !;Eine Kakerlake läuft über die Wand!
6;294;294;Il devient désinhibé après quelques verres.;Nach ein paar Gläsern wird er hemmungslos.
6;295;295;Elle ne prend pas de gants pour dire ce qu'elle pense.;Sie nimmt kein Blatt vor den Mund.
6;296;296;Il sait bien gérer les conflits au travail.;Er kann Konflikte bei der Arbeit gut lösen.
6;297;297;Il y a une vraie complicité entre eux.;Zwischen ihnen besteht echte Vertrautheit.
6;298;298;J'ai parcouru l'étude rapidement.;Ich habe die Studie kurz durchgesehen.
6;299;299;Il a atteint son objectif.;Er hat sein Ziel erreicht.
6;300;300;Il est tantôt calme, tantôt nerveux.;Er ist mal ruhig, mal nervös.
6;301;301;L'entraide est essentielle dans notre équipe.;Gegenseitige Hilfe ist in unserem Team wichtig.
6;302;302;La police a dressé un constat après l'accident.;Die Polizei hat nach dem Unfall eine Feststellung aufgenommen.
7;303;303;La cargaison est arrivée au port.;Die Fracht ist im Hafen angekommen.
7;304;304;Vous êtes les bienvenus chez nous !;Ihr seid bei uns willkommen!
7;305;305;Les traditions celtes sont encore présentes en Bretagne.;Die keltischen Traditionen sind in der Bretagne noch lebendig.
7;306;306;Ils communiquent par l'intermédiaire d'un avocat.;Sie kommunizieren über einen Anwalt.
7;307;307;Il entretient de bonnes relations avec ses voisins.;Er pflegt gute Beziehungen zu seinen Nachbarn.
7;308;308;L'entretien a duré une heure.;Das Gespräch dauerte eine Stunde.
7;309;309;Elle a réussi son entretien d'embauche.;Sie hat ihr Bewerbungsgespräch bestanden.
7;310;310;Ils se sont entretenus longuement.;Sie haben sich lange unterhalten.
7;311;311;Il souffre d'une rage de dents terrible.;Er hat furchtbare Zahnschmerzen.
7;312;312;Elle est fâchée contre lui.;Sie ist wütend auf ihn.
7;313;313;Il veut bien éduquer ses enfants.;Er will seine Kinder gut erziehen.
7;314;314;L'éducation des enfants n'est pas facile.;Die Erziehung der Kinder ist nicht einfach.
7;315;315;Ils se disputent souvent pour des broutilles.;Sie streiten sich oft wegen Kleinigkeiten.
7;316;316;N'hésite pas à poser des questions.;Zögere nicht, Fragen zu stellen.
7;317;317;Il a grandi hors de la famille.;Er ist außerhalb der Familie aufgewachsen.
7;318;318;Il a appris le métier sur le tas.;Er hat den Beruf durch Praxis gelernt.
7;319;319;Il y a un tas de papiers sur la table.;Auf dem Tisch liegt ein Haufen Papiere.
7;320;320;C'est une nouvelle très réjouissante.;Das ist eine sehr erfreuliche Nachricht.
7;321;321;Il demeure à Paris depuis cinq ans.;Er wohnt seit fünf Jahren in Paris.
7;322;322;Il a besoin d'un soutien affectif.;Er braucht emotionale Unterstützung.
7;323;323;Elle sait gérer les désaccords dans son équipe.;Sie kann Unstimmigkeiten in ihrem Team managen.
7;324;324;La fratrie compte trois enfants.;Die Geschwister sind zu dritt.
7;325;325;Cette erreur pourrait le pénaliser.;Dieser Fehler könnte ihn benachteiligen.
7;326;326;Ce n'est pas grave, mais ce n'est pas normal pour autant.;Es ist nicht schlimm, aber dennoch nicht normal.
7;327;327;Son rang de naissance influence son caractère.;Sein Geburtsrang beeinflusst seinen Charakter.
7;328;328;Les enfants répandent leurs jouets partout.;Die Kinder verteilen ihr Spielzeug überall.
7;329;329;L'aîné aide souvent les plus jeunes.;Der Älteste hilft oft den Jüngeren.
7;330;330;Le cadet est plus timide que son frère.;Der Jüngste ist schüchterner als sein Bruder.
7;331;331;À l'adolescence, il était très rebelle.;In der Jugend war er sehr rebellisch.
7;332;332;Cette campagne vise une large cible.;Diese Kampagne richtet sich an eine breite Zielgruppe.
7;333;333;Il faut davantage de temps pour finir ce projet.;Man braucht mehr Zeit, um dieses Projekt zu beenden.
7;334;334;La mère gronde son fils.;Die Mutter schimpft mit ihrem Sohn.
7;335;335;Il ne faut pas le blâmer pour cette erreur.;Man sollte ihn für diesen Fehler nicht tadeln.
7;336;336;Elle a toujours été gentille à son égard.;Sie war immer nett zu ihm
7;337;337;Ils se sont rapprochés à l'âge adulte.;Sie haben sich im Erwachsenenalter angenähert.
7;338;338;Le temps a détendu les liens entre eux.;Die Zeit hat die Bindung zwischen ihnen gelockert.
7;339;339;Ils veulent rassembler la famille pour Noël.;Sie wollen die Familie zu Weihnachten versammeln.
7;340;340;Ils sont mariés par convention, pas par amour.;Sie sind aus Konvention verheiratet, nicht aus Liebe.
8;341;341;Quelle pipelette, elle parle sans arrêt !;Was für eine Plaudertasche, sie redet ohne Ende!
8;342;342;Ils organisent une boum pour fêter la fin des examens.;Sie veranstalten eine Party, um das Ende der Prüfungen zu feiern.
8;343;343;Je m'entends bien avec mes collègues.;Ich verstehe mich gut mit meinen Kollegen.
8;344;344;Elle s'entend mal avec son frère.;Sie versteht sich schlecht mit ihrem Bruder.
8;345;345;Les jumeaux se ressemblent beaucoup.;Die Zwillinge ähneln sich sehr.
8;346;346;Les jumelles portent les mêmes vêtements.;Die Zwillingsschwestern tragen die gleichen Kleider.
8;347;347;Ce sont de vrais jumeaux, ils se ressemblent parfaitement.;Das sind eineiige Zwillinge, sie sehen völlig gleich aus.
8;348;348;Les faux jumeaux ne se ressemblent pas vraiment.;Die zweieiigen Zwillinge sehen sich nicht wirklich ähnlich.
8;349;349;Je confonds toujours leurs prénoms.;Ich verwechsel ihre Vornamen ständig.
8;350;350;Le bébé est né prématuré.;Das Baby wurde frühgeboren.
8;351;351;On distingue à peine les montagnes dans le brouillard.;Man erkennt die Berge im Nebel kaum
8;352;352;Tous les citoyens sont égaux devant la loi.;Alle Bürger sind vor dem Gesetz gleich.
8;353;353;Mon fils est à la maternelle depuis septembre.;Mein Sohn ist seit September im Kindergarten.
8;354;354;La crèche ouvre à sept heures du matin.;Die Kinderkrippe öffnet um sieben Uhr morgens.
8;355;355;La Haye est une ville importante aux Pays-Bas.;Den Haag ist eine wichtige Stadt in den Niederlanden.
8;356;356;Une haie sépare les deux jardins.;Eine Hecke trennt die beiden Gärten.
8;357;357;Il a changé de sujet pour éviter la question.;Er hat das Thema gewechselt, um der Frage auszuweichen.
8;358;358;Il fait le malade pour ne pas aller à l'école.;Er stellt sich krank, um nicht in die Schule zu gehen.
9;359;359;Ce projet répond à un vrai besoin.;Dieses Projekt deckt einen echten Bedarf.
9;360;360;La réunion vient de prendre fin.;Die Besprechung ist gerade zu Ende gegangen.
9;361;361;On pense que tout est simple, mais c'est loin d'être le cas.;Man denkt, alles sei einfach, aber das ist bei weitem nicht der Fall.
9;362;362;Je pars lorsque tu arrives, afin que tu ne sois pas seul.;Ich gehe, wenn du kommst, damit du nicht allein bist.
9;363;363;Il a dissimulé son identité pendant des années.;Er hat seine Identität jahrelang verborgen.
9;364;364;Peux-tu changer de place avec moi ?;Kannst du mit mir den Platz tauschen?
9;365;365;Le conducteur a ralenti avant le virage.;Der Fahrer wurde vor der Kurve langsamer.
9;366;366;Il m'a fait des appels de phare pour me prévenir.;Er hat mir mit der Lichthupe Bescheid gegeben.
9;367;367;Le gyrophare bleu clignote sur la voiture de police.;Das Blaulicht blinkt auf dem Polizeiauto.
9;368;368;Elle s'intéresse beaucoup à la généalogie de sa famille.;Sie interessiert sich sehr für die Ahnenforschung ihrer Familie.
9;369;369;Ils ont créé un arbre généalogique détaillé.;Sie haben einen detaillierten Stammbaum erstellt.
9;370;370;L'avis de décès a été publié dans le journal.;Die Todesanzeige wurde in der Zeitung veröffentlicht.
9;371;371;C'est une coutume d'autrefois.;Das ist ein Brauch von früher.
9;372;372;Il regarde la télé au lieu de faire ses devoirs.;Er schaut fern, anstatt seine Hausaufgaben zu machen.
9;373;373;J'ai écrit la lettre au brouillon avant de la recopier.;Ich habe den Brief im Entwurf geschrieben, bevor ich ihn abgeschrieben habe.
9;374;374;Elle a envoyé une lettre de condoléances à la famille.;Sie hat der Familie einen Beileidsbrief geschickt.
9;375;375;L'arbitre a arrêté le match.;Der Schiedsrichter hat das Spiel unterbrochen.
9;376;376;Il y a eu une coupure d'électricité hier soir.;Gestern Abend gab es einen Stromausfall.
9;377;377;Il s'interroge en continu sur le sens de la vie.;Er denkt ständig über den Sinn des Lebens nach.
9;378;378;Elle travaille comme conseillère de vie.;Sie arbeitet als Lebensberaterin.
9;379;379;C'est son confident depuis des années.;Er ist seit Jahren ihr Vertrauter.
9;380;380;Les cadres ont souvent des horaires chargés.;Leitende Angestellte haben oft volle Arbeitszeiten.
9;381;381;Il a noué une relation de confiance avec son équipe.;Er hat ein Vertrauensverhältnis zu seinem Team aufgebaut.
9;382;382;La conférence s'est déroulée sans problème.;Die Konferenz verlief ohne Probleme.
9;383;383;Elle s'est taillé une place dans le milieu artistique.;Sie hat sich in der Kunstszene einen Platz erkämpft.
9;384;384;L'interlocuteur a bien compris la question.;Der Gesprächspartner hat die Frage gut verstanden.
9;385;385;Le professeur n'aime pas le bavardage en classe.;Der Lehrer mag kein Geplauder im Unterricht.
9;386;386;Elle m'a fait un aveu confidentiel.;Sie hat mir ein vertrauliches Geständnis gemacht.
9;387;387;Il faut toujours respecter autrui.;Man sollte immer andere Menschen respektieren.
9;388;388;Il occupe ce poste par intérim;Er besetzt diese Stelle vorübergehend.
9;389;389;Ce cadeau a comblé ses attentes.;Dieses Geschenk hat seine Erwartungen erfüllt.
9;390;390;L'émulation entre collègues peut être positive.;Wettstreit unter Kollegen kann positiv sein.
9;391;391;Son épanchement de sentiments m'a touché.;Sein Gefühlsausbruch hat mich berührt.
9;392;392;L'Odyssée est une grande épopée grecque.;Die Odyssee ist ein großes griechisches Epos.
9;393;393;Il était un peu emprunté pendant la réunion.;Er war während der Besprechung etwas gehemmt.
9;394;394;L'enseignant l'a invité à challenger la réponse donnée.;Der Lehrer forderte ihn auf, die gegebene Antwort zu hinterfragen.
9;395;395;Après un échec, il a su rebondir.;Nach einem Misserfolg hat er sich wieder aufgerappelt.
9;396;396;Ce bâtiment a une forme très esthétique.;Dieses Gebäude hat eine sehr ästhetische Form
9;397;397;Les arabesques décorent le plafond du palais.;Die Arabesken schmücken die Decke des Palastes.
9;398;398;Le risque est faible, presque négligeable.;Das Risiko ist gering, fast vernachlässigbar.
9;399;399;Il a du mal à s'en passer depuis qu'il a commencé.;Er kann nur schwer darauf verzichten, seit er angefangen hat.
9;400;400;Cette expérience valorise ton parcours professionnel.;Diese Erfahrung wertet deinen beruflichen Werdegang auf.
9;401;401;Cette situation met sa patience à l'épreuve.;Diese Situation stellt seine Geduld auf die Probe.
9;402;402;Depuis son divorce, il est reclus socialement.;Seit seiner Scheidung lebt er sozial zurückgezogen.
9;403;403;Il est trop complaisant avec ses collègues.;Er ist zu nachsichtig mit seinen Kollegen.
9;404;404;Il voulait venir, or il était malade.;Er wollte kommen, jedoch war er krank.
9;405;405;Il a donné un avis appuyé sur la question.;Er hat eine nachdrückliche Meinung zu der Frage geäußert.
10;406;406;Il viendra demain, du moins je l'espère.;Er wird morgen kommen – wenigstens hoffe ich das.
10;407;407;Elle porte une oreillette pour téléphoner en voiture.;Sie trägt einen Ohrhörer zum Telefonieren im Auto.
10;408;408;Mes écouteurs ne fonctionnent plus.;Meine In-Ear-Kopfhörer funktionieren nicht mehr.
10;409;409;J'utilise un casque pour écouter de la musique.;Ich benutze Kopfhörer, um Musik zu hören.
10;410;410;La poussette est pliée dans le coffre de la voiture.;Der Kinderwagen liegt im Kofferraum
10;411;411;La probabilité de gagner est très faible.;Die Gewinnwahrscheinlichkeit ist sehr gering.
10;412;412;Le plagiat est puni par la loi.;Plagiate werden gesetzlich bestraft.
10;413;413;Les enfants apprennent la table de multiplication à l'école.;Die Kinder lernen in der Schule das Einmaleins.
11;414;414;La police a interpellé le conducteur.;Die Polizei hat den Fahrer gestellt.
11;415;415;Le chantier bloque une partie de la route.;Die Baustelle blockiert einen Teil der Straße.
11;416;416;Il y a des travaux dans la rue aujourd'hui.;Heute gibt es Straßenarbeiten.
11;417;417;La piste cyclable est fermée pour travaux.;Der Fahrradweg ist wegen Bauarbeiten gesperrt.
11;418;418;Attention, c'est une rue à sens unique !;Vorsicht, das ist eine Einbahnstraße!
11;419;419;L'automobiliste a freiné trop tard.;Der Autofahrer hat zu spät gebremst.
11;420;420;J'ai croisé quelqu'un qui m'a reconnu.;Ich bin jemandem begegnet, der mich erkannt hat.
11;421;421;La voiture a failli renverser un piéton.;Das Auto hätte beinahe einen Fußgänger überfahren.
11;422;422;Un homme rôdait près des voitures.;Ein Mann schlich um die Autos herum
11;423;423;Nous avons marché au bord du Rhin.;Wir sind am Rheinufer entlanggelaufen.
11;424;424;Le cycliste a doublé la voiture.;Der Radfahrer hat das Auto überholt.
11;425;425;J'y suis allé hier sans problème.;Ich bin gestern ohne Probleme dorthin gegangen.
11;426;426;Il y a une bosse au milieu de la route.;In der Straßenmitte ist eine Bodenwelle.
11;427;427;Ses boucles brillent au soleil.;Ihre Locken glänzen in der Sonne.
11;428;428;Il est interdit de doubler ici.;Hier ist Überholen verboten.
11;429;429;Un scarabée traverse la route.;Ein Käfer überquert die Straße.
11;430;430;Il a acheté une vieille Coccinelle.;Er hat einen alten VW-Käfer gekauft.
11;431;431;On peut passer sur le périphérique pour éviter le centre.;Man kann über die Ringstraße fahren, um das Zentrum zu vermeiden.
11;432;432;Il a klaxonné pour prévenir le cycliste.;Er hat gehupt, um den Radfahrer zu warnen.
11;433;433;Les GPS indiquent un autre itinéraire.;Die GPS-Geräte zeigen eine andere Route an.
11;434;434;Le frein ne répond plus !;Die Bremse reagiert nicht mehr!
11;435;435;J'ai garé la voiture derrière l'immeuble.;Ich habe das Auto hinter dem Gebäude geparkt.
11;436;436;Les flics sont arrivés en deux minutes.;Die Polizei war in zwei Minuten da.
11;437;437;Le métro est bondé ce matin.;Die U-Bahn ist heute Morgen überfüllt.
11;438;438;La pollution sonore augmente en ville.;Die Lärmverschmutzung nimmt in der Stadt zu.
11;439;439;Ils ont eu une discussion vive dans la rue.;Sie hatten eine heftige Diskussion auf der Straße.
11;440;440;Les nombres pairs sont plus simples à diviser.;Gerade Zahlen sind leichter zu teilen.
11;441;441;Les nombres impairs sont parfois plus complexes.;Ungerade Zahlen sind manchmal komplizierter.
11;442;442;Le trafic est très fluide ce matin.;Der Verkehr ist heute Morgen sehr flüssig.
11;443;443;Ça y fait quand il y a moins de voitures.;Das macht etwas aus, wenn weniger Autos unterwegs sind.
11;444;444;Ce tronçon d'autoroute est payant.;Dieser Autobahnabschnitt ist mautpflichtig.
11;445;445;La circulation est fluide ce soir.;Der Verkehr ist heute Abend flüssig.
11;446;446;Un bouchon bloque l'autoroute.;Ein Stau blockiert die Autobahn.
11;447;447;J'ai remis le bouchon sur la bouteille.;Ich habe den Flaschenverschluss wieder aufgesetzt.
11;448;448;J'aime aller dans Paris en train.;Ich fahre gern mit dem Zug nach Paris hinein.
11;449;449;Ma voiture a une vignette Crit'Air 2.;Mein Auto hat eine Crit'Air-Plakette 2.
11;450;450;Le trottoir est encombré de scooters.;Der Gehweg ist mit Rollern blockiert.
11;451;451;On respire mieux depuis la réduction du trafic.;Man atmet besser, seit der Verkehr reduziert wurde.
11;452;452;Le piéton traverse au passage protégé.;Der Fußgänger überquert am Zebrastreifen.
11;453;453;La nouvelle loi est en vigueur dès lundi.;Das neue Gesetz tritt ab Montag in Kraft.
11;454;454;Un barrage bloque l'accès au centre-ville.;Eine Sperre blockiert den Zugang zur Innenstadt.
11;455;455;L'accès est réservé aux riverains.;Der Zugang ist nur für Anwohner erlaubt.
11;456;456;Il faut être muni d'un justificatif de domicile.;Man muss einen Wohnsitznachweis bei sich haben.
11;457;457;On doit présenter un justificatif de domicile.;Man muss einen Wohnsitznachweis vorlegen.
11;458;458;Il s'agace quand on lui coupe la parole.;Er wird genervt, wenn man ihn unterbricht.
11;459;459;Il ne faut pas crier dessus les enfants.;Man sollte Kinder nicht anschreien.
11;460;460;Il est toujours jovial avec ses collègues.;Er ist immer fröhlich mit seinen Kollegen.
11;461;461;Cette voie est réservée aux bus.;Diese Fahrspur ist für Busse reserviert.
11;462;462;Au sol, le traçage des voies interpelle les passants.;Die Markierung der Fahrbahnen am Boden fällt Passanten auf.
11;463;463;Il lit tandis que j'écris.;Er liest, während ich schreibe.
11;464;464;Le maire a présenté un nouveau projet urbain.;Der Bürgermeister hat ein neues Stadtprojekt vorgestellt.
11;465;465;Il n'y a aucun indice sur l'origine du bruit.;Es gibt keinen Hinweis auf die Herkunft des Geräuschs.
11;466;466;Il est tombé dans l'escalier en courant.;Er ist die Treppe hinuntergefallen.
11;467;467;On doit passer par Paris pour aller à Rouen.;Wir müssen durch Paris fahren, um nach Rouen zu kommen.
11;468;468;Les enfants jouent dans la rue.;Die Kinder spielen auf der Straße.
11;469;469;Il est assis sur l'herbe.;Er sitzt auf dem Gras.
11;470;470;Cette technologie supplante l'ancienne.;Diese Technologie verdrängt die alte.
11;471;471;On veut embellir le centre-ville.;Man möchte die Innenstadt verschönern.
11;472;472;La ville veut végétaliser les toits.;Die Stadt möchte die Dächer begrünen.
11;473;473;Le centre a été piétonnisé cet été.;Das Zentrum wurde diesen Sommer zur Fußgängerzone umgewandelt.
11;474;474;Le terrain est en pente derrière la maison.;Hinter dem Haus ist das Gelände abschüssig.
11;475;475;Ils ont enlevé les barrières après les travaux.;Sie haben die Absperrungen nach den Arbeiten entfernt.
11;476;476;Les habitants se sont insurgés contre le projet.;Die Bewohner haben sich über das Projekt empört.
11;477;477;L'effacement des graffitis a coûté cher.;Die Entfernung der Graffitis war teuer.
11;478;478;Il avance d'un pas mal assuré.;Er geht mit einem unsicheren Schritt.
11;479;479;Il se sent mal assuré dans cette situation.;Er fühlt sich in dieser Situation unsicher.
12;480;480;Autrefois, la ville était beaucoup plus calme.;Früher war die Stadt viel ruhiger.
12;481;481;Il habite autre part maintenant.;Er wohnt jetzt woanders.
12;482;482;La situation s'est détériorée.;Die Situation hat sich verschlechtert.
12;483;483;Cette décision a détérioré l'ambiance.;Diese Entscheidung hat die Stimmung verschlechtert.
12;484;484;Ils ont annulé la réunion.;Sie haben das Treffen abgesagt.
12;485;485;Il fouille dans son sac pour chercher ses clés.;Er kramt in seiner Tasche nach seinen Schlüsseln.
12;486;486;Il y a trop de bazar sur la table.;Auf dem Tisch liegt zu viel Kram.
12;487;487;Après le travail, j'aime me détendre.;Nach der Arbeit entspanne ich mich gern.
12;488;488;La ville veut supprimer des places de parking.;Die Stadt will Parkplätze abschaffen.
12;489;489;La France a aboli la peine de mort.;Frankreich hat die Todesstrafe abgeschafft.
12;490;490;Il y a souvent des embouteillages sur le périphérique.;Auf dem Stadtring gibt es oft Staus.
12;491;491;Il habite en périphérie de la ville.;Er wohnt am Stadtrand.
12;492;492;La pollution diminue lentement.;Die Verschmutzung nimmt ab.
12;493;493;Finalement, ça a porté ses fruits.;Am Ende hat es etwas gebracht.
12;494;494;Une nouvelle mesure a été annoncée.;Eine neue Maßnahme wurde angekündigt.
12;495;495;Un radar contrôle la vitesse ici.;Hier überwacht ein Blitzer die Geschwindigkeit.
12;496;496;Il faut faire attention aux véhicules en face.;Man muss auf die entgegenkommenden Fahrzeuge achten.
12;497;497;Cette action lui a valu une bonne réputation.;Diese Aktion hat ihm einen guten Ruf eingebracht.
12;498;498;Le quartier bâti est plus dense.;Das bebaute Viertel ist dichter.
12;499;499;La région a été battue par les vents.;Die Region wurde von Winden heimgesucht.
12;500;500;Je prends souvent le métro pour aller au travail.;Ich nehme oft die U-Bahn.
12;501;501;C'est une rue piétonne, sans voitures.;Das ist eine Fußgängerzone, ohne Autos.
12;502;502;C'est une rue large et lumineuse.;Das ist eine breite Straße.
12;503;503;Les feux sont passés au rouge.;Die Ampeln sind auf Rot gesprungen.
12;504;504;Ce sont des conditions spéciales.;Das sind besondere Bedingungen.
12;505;505;Il se déplace en trottinette.;Er fährt mit einem E-Scooter.
12;506;506;Le cycliste se faufile entre les voitures.;Der Radfahrer schlängelt sich zwischen den Autos durch.
12;507;507;La ville veut récompenser les habitants.;Die Stadt will die Bewohner jmdn. entlohnen.
12;508;508;L'air est enfin respirable.;Die Luft ist endlich atembar.
12;509;509;Les gaz d'échappement polluent l'air.;Abgase verschmutzen die Luft.
12;510;510;Il restaure un vieux Solex.;Er restauriert einen alten Solex.
12;511;511;Le prix a augmenté de dix pour cent.;Der Preis ist um zehn Prozent gestiegen.
12;512;512;Il possède un appartement.;Er besitzt eine Wohnung.
12;513;513;Le bâtiment est en bon état.;Das Gebäude ist in gutem Zustand.
12;514;514;J'ai garé la voiture plus loin.;Ich habe das Auto weiter weg geparkt.
12;515;515;La route est en forte pente.;Die Straße hat eine starke Steigung.
12;516;516;La maison a brûlé.;Das Haus ist abgebrannt.
12;517;517;L'ambiance est chaleureuse, pas agressive.;Die Stimmung ist herzlich, nicht aggressiv.
12;518;518;C'était un débat très houleux.;Das war eine sehr hitzige Debatte.
12;519;519;C'est un concept intéressant.;Das ist ein interessantes Konzept.
12;520;520;Il y a une fontaine sur la place.;Auf dem Platz steht ein Brunnen.
12;521;521;On suit la trace laissée au sol.;Man folgt der am Boden hinterlassenen Spur.
12;522;522;La ville veut élargir la route.;Die Stadt will die Straße verbreitern.
12;523;523;Il regrette cette décision.;Er bereut diese Entscheidung.
12;524;524;Elle regrette son amie.;Sie trauert ihrer Freundin nach.
12;525;525;C'est plus commode de venir en métro.;Es ist bequemer, mit der U-Bahn zu kommen.
12;526;526;J'attends une réponse.;Ich erwarte eine Antwort.
12;527;527;Il a réussi à se garer.;Er hat es geschafft, einzuparken.
12;528;528;Le mur s'est effondré.;Die Mauer ist eingestürzt.
