lesson;id;sid
1;1;1
1;2;2
1;3;3
1;4;4
1;5;5
1;6;6
1;7;7
1;8;8
1;9;9
1;10;10
1;11;11
1;12;12
1;13;13
1;14;14
1;15;15
1;16;16
1;17;17
1;18;18
1;19;19
1;20;20
1;21;21
1;22;22
1;23;23
1;24;24
1;25;25
1;26;26
1;27;27
1;28;28
1;29;29
1;31;31
1;32;32
1;33;33
1;34;34
1;36;36
1;37;37
1;38;38
1;39;39
1;40;40
1;41;41
1;42;42
1;43;43
1;44;44
1;45;45
1;46;46
1;47;47
1;48;48
1;49;49
1;50;50
1;51;51
1;52;52
1;53;53
1;54;54
1;55;55
1;56;56
1;57;57
1;58;58
1;59;59
1;60;60
1;61;61
1;62;62
1;63;63
1;64;64
1;65;65
1;66;66
1;67;67
1;68;68
1;69;69
1;70;70
1;71;71
1;72;72
1;73;73
1;74;74
1;75;75
1;76;76
1;77;77
1;78;78
1;79;79
1;80;80
1;81;81
1;82;82
1;83;83
1;84;84
1;85;85
1;86;86
1;87;87
1;88;88
1;89;89
1;90;90
1;91;91
1;92;92
1;93;93
1;94;94
1;95;95
1;96;96
1;97;97
1;98;98
1;99;99
1;100;100
1;101;101
1;102;102
1;103;103
1;104;104
1;105;105
1;106;106
1;107;107
1;108;108
1;109;109
1;110;110
1;111;111
1;112;112
2;113;113
2;114;114
2;115;115
2;116;116
2;117;117
2;118;118
2;119;119
2;120;120
2;121;121
2;122;122
2;123;123
2;124;124
2;125;125
2;126;126
2;127;127
2;128;128
2;129;129
2;130;130
2;131;131
2;132;132
2;133;133
2;134;134
2;135;135
2;136;136
2;137;137
2;138;138
2;139;139
2;140;140
2;141;141
2;142;142
2;143;143
2;144;144
2;145;145
2;146;146
2;147;147
2;148;148
2;149;149
2;150;150
2;151;151
2;152;152
3;153;153
3;154;154
3;155;155
3;156;156
3;157;157
3;158;158
3;159;159
3;160;160
3;161;161
3;162;162
3;163;163
3;164;164
3;165;165
3;166;166
3;167;167
3;168;168
3;169;169
3;170;170
3;171;171
3;172;172
3;173;173
3;174;174
3;175;175
3;176;176
3;177;177
3;178;178
3;179;179
3;180;180
3;181;181
3;182;182
3;183;183
3;184;184
3;185;185
3;186;186
3;187;187
3;188;188
3;189;189
3;190;190
3;191;191
3;192;192
3;193;193
3;194;194
3;195;195
3;196;196
3;197;197
3;198;198
3;199;199
3;200;200
3;201;201
3;202;202
3;204;204
3;205;205
3;206;206
3;207;207
3;208;208
3;209;209
3;210;210
3;211;211
3;212;212
3;213;213
3;214;214
4;215;215
4;216;216
4;217;217
4;218;218
4;219;219
4;220;220
4;221;221
4;222;222
4;223;223
4;224;224
4;225;225
4;226;226
4;227;227
4;228;228
4;229;229
4;230;230
4;231;231
4;232;232
4;233;233
4;234;234
4;235;235
4;236;236
4;237;237
4;238;238
4;239;239
4;240;240
4;241;241
4;242;242
5;243;243
5;244;244
5;245;245
5;246;246
5;247;247
5;248;248
5;249;249
5;250;250
5;251;251
5;252;252
5;253;253
5;254;254
5;255;255
5;256;256
5;257;257
5;258;258
5;259;259
5;260;260
5;261;261
5;262;262
5;263;263
5;264;264
5;265;265
5;266;266
5;267;267
5;268;268
5;269;269
5;270;270
5;271;271
5;272;272
5;273;273
5;274;274
5;275;275
5;276;276
5;277;277
5;278;278
6;279;279
6;280;280
6;281;281
6;282;282
6;283;283
6;284;284
6;285;285
6;286;286
6;287;287
6;288;288
6;289;289
6;290;290
6;291;291
6;292;292
6;293;293
6;294;294
6;295;295
6;296;296
6;297;297
6;298;298
6;299;299
6;300;300
6;301;301
6;302;302
7;303;303
7;304;304
7;305;305
7;306;306
7;307;307
7;308;308
7;309;309
7;310;310
7;311;311
7;312;312
7;313;313
7;314;314
7;315;315
7;316;316
7;317;317
7;318;318
7;319;319
7;320;320
7;321;321
7;322;322
7;323;323
7;324;324
7;325;325
7;326;326
7;327;327
7;328;328
7;329;329
7;330;330
7;331;331
7;332;332
7;333;333
7;334;334
7;335;335
7;336;336
7;337;337
7;338;338
7;339;339
7;340;340
8;341;341
8;342;342
8;343;343
8;344;344
8;345;345
8;346;346
8;347;347
8;348;348
8;349;349
8;350;350
8;351;351
8;352;352
8;353;353
8;354;354
8;355;355
8;356;356
8;357;357
8;358;358
9;359;359
9;360;360
9;361;361
9;362;362
9;363;363
9;364;364
9;365;365
9;366;366
9;367;367
9;368;368
9;369;369
9;370;370
9;371;371
9;372;372
9;373;373
9;374;374
9;375;375
9;376;376
9;377;377
9;378;378
9;379;379
9;380;380
9;381;381
9;382;382
9;383;383
9;384;384
9;385;385
9;386;386
9;387;387
9;388;388
9;389;389
9;390;390
9;391;391
9;392;392
9;393;393
9;394;394
9;395;395
9;396;396
9;397;397
9;398;398
9;399;399
9;400;400
9;401;401
9;402;402
9;403;403
9;404;404
9;405;405
10;406;406
10;407;407
10;408;408
10;409;409
10;410;410
10;411;411
10;412;412
10;413;413
11;414;414
11;415;415
11;416;416
11;417;417
11;418;418
11;419;419
11;420;420
11;421;421
11;422;422
11;423;423
11;424;424
11;425;425
11;426;426
11;427;427
11;428;428
11;429;429
11;430;430
11;431;431
11;432;432
11;433;433
11;434;434
11;435;435
11;436;436
11;437;437
11;438;438
11;439;439
11;440;440
11;441;441
11;442;442
11;443;443
11;444;444
11;445;445
11;446;446
11;447;447
11;448;448
11;449;449
11;450;450
11;451;451
11;452;452
11;453;453
11;454;454
11;455;455
11;456;456
11;457;457
11;458;458
11;459;459
11;460;460
11;461;461
11;462;462
11;463;463
11;464;464
11;465;465
11;466;466
11;467;467
11;468;468
11;469;469
11;470;470
11;471;471
11;472;472
11;473;473
11;474;474
11;475;475
11;476;476
11;477;477
11;478;478
11;479;479
