key;category;term;genus;ref
(ein Fahrrad) schieben;expression;(ein Fahrrad) schieben;;
Abgase;nom;Abgase;npl;
Absatz;nom;Absatz;m;
Ahnenforschung;nom;Ahnenforschung;f;
Ahorn;nom;Ahorn;m;
Amortisation;nom;Amortisation;f;
Ampel;nom;Ampel;f;
Anfang;nom;Anfang;m;
Anhänger;nom;Anhänger;m;
Anlage;nom;Anlage;f;
Anwohner;nom;Anwohner;m;
Arabeske;nom;Arabeske;f;
Arbeit;nom;Arbeit;f;
Auktion;nom;Auktion;f;
Ausrüstung;nom;Ausrüstung;f;
Ausstellung;nom;Ausstellung;f;
Aussteuer;nom;Aussteuer;f;
Autobahnabschnitt;nom;Autobahnabschnitt;m;
Autofahrer;nom;Autofahrer;m;
Baumkrone;nom;Baumkrone;f;
Baustelle;nom;Baustelle;f;
Beileidsbrief;nom;Beileidsbrief;m;
Besteck;nom;Besteck;n;
Bettlaken;nom;Bettlaken;n;
Bewerbungsgespräch;nom;Bewerbungsgespräch;n;
Bindungen lockern;expression;Bindungen lockern;;
Birke;nom;Birke;f;
Blaulicht;nom;Blaulicht;n;
Blitzer;nom;Blitzer;m;
Bodenwelle;nom;Bodenwelle;f;
Bohrung;nom;Bohrung;f;
Boot;nom;Boot;n;
Bremse;nom;Bremse;f;
Brieftasche;nom;Brieftasche;f;
Brunnen;nom;Brunnen;m;
Buche;nom;Buche;f;
Bullen (Polizei);expression;Bullen (Polizei);mpl;
Bäume entfernen;expression;Bäume entfernen;;
Bäume fällen;expression;Bäume fällen;;
Bürgermeister;nom;Bürgermeister;m;
Campen;nom;Campen;n;
Camping;nom;Camping;n;
Charakter verleihen;expression;Charakter verleihen;;
Crit'Air-Plakette;nom;Crit'Air-Plakette;f;
Dachbodenflohmarkt;nom;Dachbodenflohmarkt;m;
Das macht etwas aus, wenn weniger Autos unterwegs sind.;expression;Das macht etwas aus, wenn weniger Autos unterwegs sind.;;
Das passt uns gut.;expression;Das passt uns gut.;;
Datenspeicher;nom;Datenspeicher;m;
Demonstration;nom;Demonstration;f;
Den Haag;expression;Den Haag;;
Dicke;nom;Dicke;f;
Die Markierung der Fahrbahnen fällt auf;expression;Die Markierung der Fahrbahnen fällt auf;;
Doppel-/Dreifachverglasung;nom;Doppel-/Dreifachverglasung;f;
Drittel;nom;Drittel;n;
Durchlauferhitzer;nom;Durchlauferhitzer;m;
Dürre;nom;Dürre;f;
E-Scooter;nom;E-Scooter;m;
Ecke;nom;Ecke;f;
Ehrlichkeit;nom;Ehrlichkeit;f;
Eiche;nom;Eiche;f;
Einbahnstraße;nom;Einbahnstraße;f;
Einkaufstasche;nom;Einkaufstasche;f;
Einmaleins;nom;Einmaleins;n;
Einzelkind;nom;Einzelkind;n;
Eiszeit;nom;Eiszeit;f;
Energiespeicher;nom;Energiespeicher;m;
Entfernung;nom;Entfernung;f;
Entwurf;nom;Entwurf;m;
Epos;nom;Epos;n;
Erderwärmung;nom;Erderwärmung;f;
Erle;nom;Erle;f;
Ermittler;nom;Ermittler;m;
Erwartung;nom;Erwartung;f;
Erweiterung;nom;Erweiterung;f;
Erziehung;nom;Erziehung;f;
Fahrradweg;nom;Fahrradweg;m;
Ferienhaus;nom;Ferienhaus;n;
Fichte;nom;Fichte;f;
Flohmarkt;nom;Flohmarkt;m;
Flug;nom;Flug;m;
Fläschchen;nom;Fläschchen;n;
Fracht;nom;Fracht;f;
Französischkurs;nom;Französischkurs;m;
Fundstück;nom;Fundstück;n;
Fußgänger;nom;Fußgänger;m;
Fußgängerzone;nom;Fußgängerzone;f;
Föderalismus;nom;Föderalismus;m;
GPS-Geräte;nom;GPS-Geräte;npl;
Gabel;nom;Gabel;f;
Gamaschen;nom;Gamaschen;fpl;
Geburtenrate;nom;Geburtenrate;f;
Geburtsrang;nom;Geburtsrang;m;
Gefühlsausbruch;nom;Gefühlsausbruch;m;
Geldschein;nom;Geldschein;m;
Gemälde;nom;Gemälde;n;
Gemüse;nom;Gemüse;n;
Genügsamkeit;nom;Genügsamkeit;f;
Gepäck;nom;Gepäck;n;
Geschirr;nom;Geschirr;n;
Geschwister;nom;Geschwister;pl;
Geselligkeit;nom;Geselligkeit;f;
Gespräch;nom;Gespräch;n;
Gesprächspartner;nom;Gesprächspartner;m;
Gipfel;nom;Gipfel;m;
Gleitschirmlehrer;nom;Gleitschirmlehrer;m;
Gletscher;nom;Gletscher;m;
Grün;nom;Grün;n;
HNO-Arzt;nom;HNO-Arzt;m;
Halbbruder / Halbschwester;expression;Halbbruder / Halbschwester;m/f;
Haufen;nom;Haufen;m;
Hauptstraße;nom;Hauptstraße;f;
Hecke;nom;Hecke;f;
Hefe;nom;Hefe;f;
Helikoptertransport;nom;Helikoptertransport;m;
Helm;nom;Helm;m;
Hinweis;nom;Hinweis;m;
Hocker;nom;Hocker;m;
Höhenunterschied;nom;Höhenunterschied;m;
Hügel;nom;Hügel;m;
In-Ear-Kopfhörer;nom;In-Ear-Kopfhörer;mpl;
Jüngster;nom;Jüngster;m;
Kachel;nom;Kachel;f;
Kakerlake;nom;Kakerlake;f;
Kapelle;nom;Kapelle;f;
Kappe;nom;Kappe;f;
Kaufort;nom;Kaufort;m;
Kerosin;nom;Kerosin;n;
Kiefer;nom;Kiefer;f;
Kindergarten;nom;Kindergarten;f;
Kinderkrippe;nom;Kinderkrippe;f;
Kinderwagen;nom;Kinderwagen;m;
Kirschbaum;nom;Kirschbaum;m;
Kirschholz;nom;Kirschholz;n;
Klimawandel;nom;Klimawandel;m;
Konzept;nom;Konzept;n;
Kopfhörer (Over-Ear);expression;Kopfhörer (Over-Ear);m;
Korken / Deckel;expression;Korken / Deckel;m;
Kram;nom;Kram;m;
Kribbeln;nom;Kribbeln;n;
Kronleuchter;nom;Kronleuchter;m;
Kräutertee;nom;Kräutertee;m;
Kubikmeter;nom;Kubikmeter;m;
Kurort;nom;Kurort;m;
Käfer (Tier);expression;Käfer (Tier);m;
Kälte;nom;Kälte;f;
Kühlschrank;nom;Kühlschrank;m;
Ladestation;nom;Ladestation;f;
Ladung;nom;Ladung;f;
Laminat;nom;Laminat;n;
Landung;nom;Landung;f;
Lautsprecher;nom;Lautsprecher;m;
Lebensberater/in;nom;Lebensberater/in;m/f;
Lichthupe geben;expression;Lichthupe geben;;
Lockdown;nom;Lockdown;m;
Locken;nom;Locken;fpl;
Lärmverschmutzung;nom;Lärmverschmutzung;f;
Löffel;nom;Löffel;m;
Magie;nom;Magie;f;
Marke;nom;Marke;f;
Marzipan;nom;Marzipan;n;
Material;nom;Material;n;
Maßnahme;nom;Maßnahme;f;
Mehrwertsteuer;nom;Mehrwertsteuer;f;
Messer;nom;Messer;n;
Mischung;nom;Mischung;f;
Mischwald;nom;Mischwald;m;
Mitgift;nom;Mitgift;f;
Mitmensch;nom;Mitmensch;m;
Mountainbike;nom;Mountainbike;n;
Mündung;nom;Mündung;f;
Netz;nom;Netz;n;
Ohrhörer (einzeln);expression;Ohrhörer (einzeln);f;
Ostsee;nom;Ostsee;f;
Parkett;nom;Parkett;n;
Party;nom;Party;f;
Patina bekommen;expression;Patina bekommen;;
Petze;nom;Petze;f;
Phänomen;nom;Phänomen;n;
Pinie;nom;Pinie;f;
Pistenraupe;nom;Pistenraupe;f;
Plagiat;nom;Plagiat;n;
Plappermaul;nom;Plappermaul;f;
Plauderei;nom;Plauderei;f;
Porzellan;nom;Porzellan;n;
Praxis;nom;Praxis;f;
Prognose;nom;Prognose;f;
Prozent;nom;Prozent;n;
Präparierung;nom;Präparierung;f;
Prüfung;nom;Prüfung;f;
Qualle;nom;Qualle;f;
Radfahrer;nom;Radfahrer;m;
Rattan;nom;Rattan;n;
Region;nom;Region;f;
Ring;nom;Ring;m;
Riss;nom;Riss;m;
Rolle;nom;Rolle;f;
Rost;nom;Rost;m;
Rückhaltebecken;nom;Rückhaltebecken;n;
Saisonarbeiter;nom;Saisonarbeiter;m;
Schaden;nom;Schaden;m;
Schicht;nom;Schicht;f;
Schiedsrichter;nom;Schiedsrichter;m;
Schiene;nom;Schiene;f;
Schild;nom;Schild;n;
Schlafsack;nom;Schlafsack;m;
Schlamm;nom;Schlamm;m;
Schlitten fahren;expression;Schlitten fahren;;
Schlittschuh laufen;expression;Schlittschuh laufen;;
Schlägerei;nom;Schlägerei;f;
Schlüssel;nom;Schlüssel;m;
Schnee räumen;expression;Schnee räumen;;
Schneekanone;nom;Schneekanone;f;
Schneeschuhe;nom;Schneeschuhe;fpl;
Schuhe;nom;Schuhe;mpl;
Schwierigkeiten haben, etw. zu tun;expression;Schwierigkeiten haben, etw. zu tun;;
See;nom;See;m;
Seele;nom;Seele;f;
Seilbahn;nom;Seilbahn;f;
Silber;nom;Silber;n;
Silberbesteck;nom;Silberbesteck;n;
Skibekleidung;nom;Skibekleidung;f;
Skifahrer;nom;Skifahrer;m;
Skischuhe;nom;Skischuhe;fpl;
Sohle;nom;Sohle;f;
Solarpanel;nom;Solarpanel;n;
Solex;nom;Solex;m;
Sonnenuntergang;nom;Sonnenuntergang;m;
Speicherung;nom;Speicherung;f;
Sperre;nom;Sperre;f;
Spur;nom;Spur;f;
Spur / Fahrbahn;expression;Spur / Fahrbahn;f;
Stadt;nom;Stadt;f;
Stadtrand;nom;Stadtrand;m;
Stadtring;nom;Stadtring;m;
Stammbaum;nom;Stammbaum;m;
Start;nom;Start;m;
Stau;nom;Stau;m;
Staub wischen;expression;Staub wischen;;
Steigung;nom;Steigung;f;
Steingut;nom;Steingut;n;
Steinschlag;nom;Steinschlag;m;
Stoff;nom;Stoff;m;
Stofftasche;nom;Stofftasche;f;
Storch;nom;Storch;m;
Strauch;nom;Strauch;m;
Straßenarbeiten;nom;Straßenarbeiten;;
Stromausfall;nom;Stromausfall;m;
Sumpf;nom;Sumpf;m;
Taschentuch;nom;Taschentuch;n;
Tasse;nom;Tasse;f;
Tausende;nom;Tausende;;
Tee;nom;Tee;m;
Thermalwesen;nom;Thermalwesen;n;
Thermoskanne;nom;Thermoskanne;f;
Tischdecke;nom;Tischdecke;f;
Todesanzeige;nom;Todesanzeige;f;
Transport;nom;Transport;m;
Treibhausgase;nom;Treibhausgase;mpl;
Trödelmarkt (Nordfrankreich);expression;Trödelmarkt (Nordfrankreich);m;
Trödelmarkt (Picardie);expression;Trödelmarkt (Picardie);m;
U-Bahn;nom;U-Bahn;f;
Uhr;nom;Uhr;f;
Umhängetasche;nom;Umhängetasche;f;
Umsatz;nom;Umsatz;m;
Uneinigkeiten managen;expression;Uneinigkeiten managen;;
VW-Käfer;nom;VW-Käfer;f;
Verkehr;nom;Verkehr;m;
Verlust;nom;Verlust;m;
Vertraute;nom;Vertraute;m/f;
Vertrautheit;nom;Vertrautheit;f;
Vorhersage;nom;Vorhersage;f;
Wahrscheinlichkeit;nom;Wahrscheinlichkeit;f;
Wanderung;nom;Wanderung;f;
Wasserstoff;nom;Wasserstoff;m;
Weinbauregion;nom;Weinbauregion;f;
Wettstreit;nom;Wettstreit;m;
Wikinger;nom;Wikinger;m;
Windkraftanlage;nom;Windkraftanlage;f;
Wissenschaftler;nom;Wissenschaftler;m;
Wohnmobil;nom;Wohnmobil;n;
Wohnsitznachweis;nom;Wohnsitznachweis;m;
Wunde;nom;Wunde;f;
Wärmepumpe;nom;Wärmepumpe;f;
Wüste;nom;Wüste;f;
Zahnschmerzen;nom;Zahnschmerzen;pl;
Zielgruppe;nom;Zielgruppe;f;
Zugvogel;nom;Zugvogel;m;
Zwillinge;nom;Zwillinge;mpl;
Zwillingsschwestern;nom;Zwillingsschwestern;fpl;
abbrennen;nom;abbrennen;;
abheben;nom;abheben;;
abnehmen;nom;abnehmen;;
als Musterschüler gelten;expression;als Musterschüler gelten;;
am Rheinufer;expression;am Rheinufer;;
am Ufer von etw.;expression;am Ufer von etw.;;
an der Küste;expression;an der Küste;;
angeschlagen;nom;angeschlagen;;
ansammeln;nom;ansammeln;;
anstatt;nom;anstatt;;
anstrengend;nom;anstrengend;;
atembar;nom;atembar;;
atmen;nom;atmen;;
auf dem Gras;expression;auf dem Gras;;
auf der Straße;expression;auf der Straße;;
aufgrund von;expression;aufgrund von;;
aufwerten;nom;aufwerten;;
aus Konvention;expression;aus Konvention;;
ausgleichen;nom;ausgleichen;;
ausreichend;nom;ausreichend;;
außerhalb der Familie;expression;außerhalb der Familie;;
bebaut;nom;bebaut;;
begrünen;nom;begrünen;;
bei weitem nicht der Fall sein;expression;bei weitem nicht der Fall sein;;
belohnen;nom;belohnen;;
benachteiligen;nom;benachteiligen;;
bequem;nom;bequem;;
beschuldigen;nom;beschuldigen;;
beschädigt;nom;beschädigt;;
besonders;nom;besonders;;
billig;nom;billig;;
bleiben;nom;bleiben;;
breite Straße;expression;breite Straße;f;
das Auto parken;expression;das Auto parken;;
das Gelände ist abschüssig;expression;das Gelände ist abschüssig;;
das Thema wechseln;expression;das Thema wechseln;;
den Platz wechseln;expression;den Platz wechseln;;
die Strecke zurücklegen;expression;die Strecke zurücklegen;;
die Treppe hinunterfallen;expression;die Treppe hinunterfallen;;
durch Paris fahren;expression;durch Paris fahren;;
ein Material zurückhalten;expression;ein Material zurückhalten;;
eine Antwort hinterfragen;expression;eine Antwort hinterfragen;;
eine Feststellung machen;expression;eine Feststellung machen;;
eine Leidenschaft hat mich gepackt;expression;eine Leidenschaft hat mich gepackt;;
eine Studie durchsehen;expression;eine Studie durchsehen;;
eineiige Zwillinge;expression;eineiige Zwillinge;mpl;
einen Bedarf decken;expression;einen Bedarf decken;;
einen Konflikt lösen;expression;einen Konflikt lösen;;
einer Versuchung erliegen;expression;einer Versuchung erliegen;;
einparken;nom;einparken;;
einstürzen;nom;einstürzen;;
ekelhaft;nom;ekelhaft;;
emotional;nom;emotional;;
enden;nom;enden;;
entgegenkommende Fahrzeuge;expression;entgegenkommende Fahrzeuge;pl;
entsperren;nom;entsperren;;
entweichen;nom;entweichen;;
erfreulich;nom;erfreulich;;
erfüllen / ausgleichen;expression;erfüllen / ausgleichen;;
ermüdend;nom;ermüdend;;
erreichen;nom;erreichen;;
erwähnen, ins Gedächtnis rufen;expression;erwähnen, ins Gedächtnis rufen;;
erziehen;nom;erziehen;;
etw. absagen;expression;etw. absagen;;
etw. abschaffen;expression;etw. abschaffen;;
etw. auf die Probe stellen;expression;etw. auf die Probe stellen;;
etw. bei sich haben;expression;etw. bei sich haben;;
etw. bereuen;expression;etw. bereuen;;
etw. besitzen;expression;etw. besitzen;;
etw. desinfizieren;expression;etw. desinfizieren;;
etw. entfernen / wegnehmen;expression;etw. entfernen / wegnehmen;;
etw. erkennen / unterscheiden;expression;etw. erkennen / unterscheiden;;
etw. erwarten;expression;etw. erwarten;;
etw. fortbestehen lassen;expression;etw. fortbestehen lassen;;
etw. fällen;expression;etw. fällen;;
etw. knüpfen;expression;etw. knüpfen;;
etw. leugnen;expression;etw. leugnen;;
etw. loswerden;expression;etw. loswerden;;
etw. mögen;expression;etw. mögen;;
etw. vergessen;expression;etw. vergessen;;
etw. verschlechtern;expression;etw. verschlechtern;;
etw. verwechseln;expression;etw. verwechseln;;
fahren;nom;fahren;;
feilschen;nom;feilschen;;
fern, entfernt;expression;fern, entfernt;;
festnehmen / stellen;expression;festnehmen / stellen;;
fieberhaft;nom;fieberhaft;;
flüssig (Verkehr);expression;flüssig (Verkehr);;
flüstern;nom;flüstern;;
frech, respektlos;expression;frech, respektlos;;
früher;nom;früher;;
frühgeboren sein;expression;frühgeboren sein;;
gefrieren;nom;gefrieren;;
gegenseitige Hilfe;expression;gegenseitige Hilfe;f;
gehemmt;nom;gehemmt;;
gehört haben, dass;expression;gehört haben, dass;;
genervt sein;expression;genervt sein;;
gerade (Zahl);expression;gerade (Zahl);;
gesellschaftlich zurückgezogen;expression;gesellschaftlich zurückgezogen;;
gleich;nom;gleich;;
griechisch;nom;griechisch;;
gut gelaunt / fröhlich;expression;gut gelaunt / fröhlich;;
günstiger;nom;günstiger;;
handwerklich;nom;handwerklich;;
heftige Diskussion;expression;heftige Diskussion;;
heilen;nom;heilen;;
heimsuchen;nom;heimsuchen;;
hemmungslos;nom;hemmungslos;;
herumhängen;nom;herumhängen;;
herumschleichen;nom;herumschleichen;;
herzlich;nom;herzlich;;
hitzig;nom;hitzig;;
hupen;nom;hupen;;
ich bin dorthin gegangen;expression;ich bin dorthin gegangen;;
ihm gegenüber;expression;ihm gegenüber;;
ihr wart / Sie waren;expression;ihr wart / Sie waren;;
im Lauf der Jahre;expression;im Lauf der Jahre;;
im Oktober;expression;im Oktober;;
im Zentrum;expression;im Zentrum;;
im Überfluss;expression;im Überfluss;;
in Bayern;expression;in Bayern;;
in Griechenland;expression;in Griechenland;;
in Kraft;expression;in Kraft;;
in Kroatien;expression;in Kroatien;;
in gutem Zustand sein;expression;in gutem Zustand sein;;
jedoch;nom;jedoch;;
jmdm. begegnen;expression;jmdm. begegnen;;
jmdm. einen guten Ruf einbringen;expression;jmdm. einen guten Ruf einbringen;;
jmdm. etw. bringen;expression;jmdm. etw. bringen;;
jmdm. nachtrauern;expression;jmdm. nachtrauern;;
jmdn. anschreien;expression;jmdn. anschreien;;
jmdn. entlohnen;expression;jmdn. entlohnen;;
jmdn. verwöhnen;expression;jmdn. verwöhnen;;
kaum;nom;kaum;;
kein / viel von;expression;kein / viel von;;
kein Blatt vor den Mund nehmen;expression;kein Blatt vor den Mund nehmen;;
keltisch;nom;keltisch;;
kramen;nom;kramen;;
krank spielen;expression;krank spielen;;
landen;nom;landen;;
langsamer werden;expression;langsamer werden;;
learning by doing;expression;learning by doing;;
leicht;nom;leicht;;
leidenschaftlich;nom;leidenschaftlich;;
leitende Angestellte;expression;leitende Angestellte;m;
liefern;nom;liefern;;
mal so, mal so;expression;mal so, mal so;;
mehr von;expression;mehr von;;
mit dem Flugzeug fliegen;expression;mit dem Flugzeug fliegen;;
mitbringen;nom;mitbringen;;
nach Paris hineinfahren;expression;nach Paris hineinfahren;;
nachdrückliche Meinung;expression;nachdrückliche Meinung;f;
nachsichtig;nom;nachsichtig;;
neblig;nom;neblig;;
noch bevor + verb;expression;noch bevor + verb;;
offen / ehrlich;expression;offen / ehrlich;;
ohne Skipass;expression;ohne Skipass;;
parken;nom;parken;;
petzen;nom;petzen;;
pflegen;nom;pflegen;;
plötzlich;nom;plötzlich;;
polieren;nom;polieren;;
rebellisch;nom;rebellisch;;
renoviert werden;expression;renoviert werden;;
roh, naturbelassen, trocken;expression;roh, naturbelassen, trocken;;
rosten;nom;rosten;;
scherzen;nom;scherzen;;
schimpfen;nom;schimpfen;;
schlecht drauf sein;expression;schlecht drauf sein;;
schlendern;nom;schlendern;;
schmelzen;nom;schmelzen;;
schwer;nom;schwer;;
schwer darauf verzichten können;expression;schwer darauf verzichten können;;
schwer, hart;expression;schwer, hart;;
sein Blick hellt sich auf;expression;sein Blick hellt sich auf;;
sich durchschlängeln;expression;sich durchschlängeln;;
sich einen Platz erkämpfen;expression;sich einen Platz erkämpfen;;
sich empören;expression;sich empören;;
sich entspannen;expression;sich entspannen;;
sich gut mit jmdm. verstehen;expression;sich gut mit jmdm. verstehen;;
sich im Erwachsenenalter annähern;expression;sich im Erwachsenenalter annähern;;
sich niederlassen;expression;sich niederlassen;;
sich schlecht mit jmdm. verstehen;expression;sich schlecht mit jmdm. verstehen;;
sich streiten;expression;sich streiten;;
sich unterhalten;expression;sich unterhalten;;
sich verbreiten;expression;sich verbreiten;;
sich verschlechtern;expression;sich verschlechtern;;
sich wieder fangen;expression;sich wieder fangen;;
sich zu etw. anmelden;expression;sich zu etw. anmelden;;
skandinavisch;nom;skandinavisch;;
sobald;nom;sobald;;
speichern;nom;speichern;;
starten;nom;starten;;
stattfinden / verlaufen;expression;stattfinden / verlaufen;;
strahlend;nom;strahlend;;
ständig über etw. nachdenken;expression;ständig über etw. nachdenken;;
trocken;nom;trocken;;
trotzdem / dennoch;expression;trotzdem / dennoch;;
ungerade (Zahl);expression;ungerade (Zahl);;
ungewöhnlich;nom;ungewöhnlich;;
unsicher (emotional);expression;unsicher (emotional);;
unsicher (körperlich);expression;unsicher (körperlich);;
unterhalten;nom;unterhalten;;
unterstützen;nom;unterstützen;;
unwillkürlich;nom;unwillkürlich;;
verbergen / tarnen;expression;verbergen / tarnen;;
verbreitern;nom;verbreitern;;
verdrängen;nom;verdrängen;;
vergrößern;nom;vergrößern;;
vernachlässigbar;nom;vernachlässigbar;;
versammeln;nom;versammeln;;
verschönern;nom;verschönern;;
verstreuen / verbreiten;expression;verstreuen / verbreiten;;
vertrauliche Geständnis;expression;vertrauliche Geständnis;n;
verwendbar;nom;verwendbar;;
verärgert;nom;verärgert;;
voll von etw.;expression;voll von etw.;;
von früher;expression;von früher;;
wachsen;nom;wachsen;;
wandern;nom;wandern;;
warm;nom;warm;;
weinbau-;nom;weinbau-;;
wenigstens;nom;wenigstens;;
wenn / damit;expression;wenn / damit;;
willkommen sein;expression;willkommen sein;;
wirtschaftliche Bilanz;expression;wirtschaftliche Bilanz;f;
woanders;nom;woanders;;
wohnen;nom;wohnen;;
während;nom;während;;
zugeparkt / blockiert;expression;zugeparkt / blockiert;;
zur Fußgängerzone gemacht;expression;zur Fußgängerzone gemacht;;
zur Kur fahren;expression;zur Kur fahren;;
zweieiige Zwillinge;expression;zweieiige Zwillinge;mpl;
zögern, etw. zu tun;expression;zögern, etw. zu tun;;
Ältester;nom;Ältester;m;
Überschwemmung;nom;Überschwemmung;f;
ästhetisch;nom;ästhetisch;;
über das Jahr verteilen;expression;über das Jahr verteilen;;
über die Ringstraße fahren;expression;über die Ringstraße fahren;;
über die Ufer treten;expression;über die Ufer treten;;
über eine Vermittlung;expression;über eine Vermittlung;;
überfahren;nom;überfahren;;
überfordert sein;expression;überfordert sein;;
überfüllt;nom;überfüllt;;
übergangsweise;nom;übergangsweise;;
überholen;nom;überholen;;
